Specialization,Type,Name,Spell ID,Canonical ID,Rank,Learned Level,Description,Category,HUD Row,Cooldown,Duration,Resource Cost,Aura ID,Track Mode,Tags,Wowhead Source,Notes
Arms,Ability,Overpower,7384,7384,Rank 1,12,"Instantly overpower the enemy, causing weapon damage plus 5. Only useable after the target dodges. The Overpower cannot be blocked, dodged or parried.",Offensive,Main,5,,5 Rage,,Cooldown,"DPS, PVE_PVP, REACTIVE, ROTATIONAL",https://www.wowhead.com/tbc/spell=7384,
Arms,Ability,Overpower,7887,7384,Rank 2,28,"Instantly overpower the enemy, causing weapon damage plus 15. Only useable after the target dodges. The Overpower cannot be blocked, dodged or parried.",Offensive,Main,5,,5 Rage,,Cooldown,"DPS, PVE_PVP, REACTIVE, ROTATIONAL",https://www.wowhead.com/tbc/spell=7887,
Arms,Ability,Overpower,11584,7384,Rank 3,44,"Instantly overpower the enemy, causing weapon damage plus 25. Only useable after the target dodges. The Overpower cannot be blocked, dodged or parried.",Offensive,Main,5,,5 Rage,,Cooldown,"DPS, PVE_PVP, REACTIVE, ROTATIONAL",https://www.wowhead.com/tbc/spell=11584,
Arms,Ability,Overpower,11585,7384,Rank 4,60,"Instantly overpower the enemy, causing weapon damage plus 35. Only useable after the target dodges. The Overpower cannot be blocked, dodged or parried.",Offensive,Main,5,,5 Rage,,Cooldown,"DPS, PVE_PVP, REACTIVE, ROTATIONAL",https://www.wowhead.com/tbc/spell=11585,
Arms,Ability,Retaliation,20230,20230,Rank 1,20,Instantly counterattack any enemy that strikes you in melee for 15 sec. Melee attacks made from behind cannot be counterattacked. A maximum of 30 attacks will cause retaliation.,Defensive,Utility,1800,15,,,Cooldown + aura,"DEFENSIVE, DPS, HAS_BUFF, MAJOR",https://www.wowhead.com/tbc/spell=20230,
Arms,Ability,Retaliation,20240,20230,Rank 2,1,Designer note: This costs 1 rage to prevent its damage from generating rage.,Defensive,Utility,1800,15,1 Rage,,Cooldown + aura,"DEFENSIVE, DPS, HAS_BUFF, MAJOR",https://www.wowhead.com/tbc/spell=20240,
Arms,Talent,Anger Management,12296,12296,Rank 1/1,,Generates 1 rage per 3 seconds while in combat.,Talent Passive,Data only,,,,,Data only,TALENT,https://www.wowhead.com/tbc/spell=12296,Talent: Anger Management; tree row 3
Arms,Talent,Blood Frenzy,29836,29836,Rank 1/2,,Your Rend and Deep Wounds abilities also increase all physical damage caused to that target by 2%.,Talent Passive,Data only,,,,,Data only,TALENT,https://www.wowhead.com/tbc/spell=29836,Talent: Blood Frenzy; tree row 7
Arms,Talent,Blood Frenzy,29859,29836,Rank 2/2,,Your Rend and Deep Wounds abilities also increase all physical damage caused to that target by 4%.,Talent Passive,Data only,,,,,Data only,TALENT,https://www.wowhead.com/tbc/spell=29859,Talent: Blood Frenzy; tree row 7
Arms,Talent Ability,Death Wish,12292,12292,Rank 1/1,,"When activated, increases your physical damage by 20% and makes you immune to Fear effects, but increases all damage taken by 5%. Lasts 30 sec.",Offensive,Main,180,30,10 Rage,,Cooldown + aura,"DPS, HAS_BUFF, MAJOR",https://www.wowhead.com/tbc/spell=12292,Talent-required | Talent: Death Wish
Arms,Talent,Deep Wounds,12834,12834,Rank 1/3,,"Your critical strikes cause the opponent to bleed, dealing 20% of your melee weapon's average damage over 12 sec.",Talent Passive,Data only,,,,,Data only,TALENT,https://www.wowhead.com/tbc/spell=12834,Talent: Deep Wounds; tree row 3
Arms,Talent,Deep Wounds,12849,12834,Rank 2/3,,"Your critical strikes cause the opponent to bleed, dealing 40% of your melee weapon's average damage over 12 sec.",Talent Passive,Data only,,,,,Data only,TALENT,https://www.wowhead.com/tbc/spell=12849,Talent: Deep Wounds; tree row 3
Arms,Talent,Deep Wounds,12867,12834,Rank 3/3,,"Your critical strikes cause the opponent to bleed, dealing 60% of your melee weapon's average damage over 12 sec.",Talent Passive,Data only,,,,,Data only,TALENT,https://www.wowhead.com/tbc/spell=12867,Talent: Deep Wounds; tree row 3
Arms,Talent,Deflection,16462,16462,Rank 1/5,,Increases your Parry chance by 1%.,Talent Passive,Data only,,,,,Data only,TALENT,https://www.wowhead.com/tbc/spell=16462,Talent: Deflection; tree row 1
Arms,Talent,Deflection,16463,16462,Rank 2/5,,Increases your Parry chance by 2%.,Talent Passive,Data only,,,,,Data only,TALENT,https://www.wowhead.com/tbc/spell=16463,Talent: Deflection; tree row 1
Arms,Talent,Deflection,16464,16462,Rank 3/5,,Increases your Parry chance by 3%.,Talent Passive,Data only,,,,,Data only,TALENT,https://www.wowhead.com/tbc/spell=16464,Talent: Deflection; tree row 1
Arms,Talent,Deflection,16465,16462,Rank 4/5,,Increases your Parry chance by 4%.,Talent Passive,Data only,,,,,Data only,TALENT,https://www.wowhead.com/tbc/spell=16465,Talent: Deflection; tree row 1
Arms,Talent,Deflection,16466,16462,Rank 5/5,,Increases your Parry chance by 5%.,Talent Passive,Data only,,,,,Data only,TALENT,https://www.wowhead.com/tbc/spell=16466,Talent: Deflection; tree row 1
Arms,Talent,Endless Rage,29623,29623,Rank 1/1,,You generate 25% more rage from damage dealt.,Talent Passive,Data only,,,,,Data only,TALENT,https://www.wowhead.com/tbc/spell=29623,Talent: Endless Rage; tree row 9
Arms,Talent,Impale,16493,16493,Rank 1/2,,"Increases the critical strike damage bonus of your abilities in Battle, Defensive, and Berserker stance by 10%.",Talent Passive,Data only,,,,,Data only,TALENT,https://www.wowhead.com/tbc/spell=16493,Talent: Impale; tree row 4
Arms,Talent,Impale,16494,16493,Rank 2/2,,"Increases the critical strike damage bonus of your abilities in Battle, Defensive, and Berserker stance by 20%.",Talent Passive,Data only,,,,,Data only,TALENT,https://www.wowhead.com/tbc/spell=16494,Talent: Impale; tree row 4
Arms,Talent,Improved Charge,12285,12285,Rank 1/2,,Increases the amount of rage generated by your Charge ability by 3.,Talent Passive,Data only,,,,,Data only,TALENT,https://www.wowhead.com/tbc/spell=12285,Talent: Improved Charge; tree row 2
Arms,Talent,Improved Charge,12697,12285,Rank 2/2,,Increases the amount of rage generated by your Charge ability by 6.,Talent Passive,Data only,,,,,Data only,TALENT,https://www.wowhead.com/tbc/spell=12697,Talent: Improved Charge; tree row 2
Arms,Talent,Improved Disciplines,29723,29723,Rank 1/3,,"Reduces the cooldown of your Retaliation, Recklessness and Shield Wall abilities by 4 min and increases their duration by 2 sec.",Talent Passive,Data only,,,,,Data only,TALENT,https://www.wowhead.com/tbc/spell=29723,Talent: Improved Disciplines; tree row 6
Arms,Talent,Improved Disciplines,29724,29723,Rank 2/3,,"Reduces the cooldown of your Retaliation, Recklessness and Shield Wall abilities by 7 min and increases their duration by 4 sec.",Talent Passive,Data only,,,,,Data only,TALENT,https://www.wowhead.com/tbc/spell=29724,Talent: Improved Disciplines; tree row 6
Arms,Talent,Improved Disciplines,29725,29723,Rank 3/3,,"Reduces the cooldown of your Retaliation, Recklessness and Shield Wall abilities by 10 min and increases their duration by 6 sec.",Talent Passive,Data only,,,,,Data only,TALENT,https://www.wowhead.com/tbc/spell=29725,Talent: Improved Disciplines; tree row 6
Arms,Talent,Improved Hamstring,12289,12289,Rank 1/3,,Gives your Hamstring ability a 5% chance to immobilize the target for 5 sec.,Talent Passive,Data only,,5,,,Data only,TALENT,https://www.wowhead.com/tbc/spell=12289,Talent: Improved Hamstring; tree row 6
Arms,Talent,Improved Hamstring,12668,12289,Rank 2/3,,Gives your Hamstring ability a 10% chance to immobilize the target for 5 sec.,Talent Passive,Data only,,5,,,Data only,TALENT,https://www.wowhead.com/tbc/spell=12668,Talent: Improved Hamstring; tree row 6
Arms,Talent,Improved Hamstring,23695,12289,Rank 3/3,,Gives your Hamstring ability a 15% chance to immobilize the target for 5 sec.,Talent Passive,Data only,,5,,,Data only,TALENT,https://www.wowhead.com/tbc/spell=23695,Talent: Improved Hamstring; tree row 6
Arms,Talent,Improved Heroic Strike,12282,12282,Rank 1/3,,Reduces the cost of your Heroic Strike ability by 1 rage point.,Talent Passive,Data only,,,,,Data only,TALENT,https://www.wowhead.com/tbc/spell=12282,Talent: Improved Heroic Strike; tree row 1
Arms,Talent,Improved Heroic Strike,12663,12282,Rank 2/3,,Reduces the cost of your Heroic Strike ability by 2 rage points.,Talent Passive,Data only,,,,,Data only,TALENT,https://www.wowhead.com/tbc/spell=12663,Talent: Improved Heroic Strike; tree row 1
Arms,Talent,Improved Heroic Strike,12664,12282,Rank 3/3,,Reduces the cost of your Heroic Strike ability by 3 rage points.,Talent Passive,Data only,,,,,Data only,TALENT,https://www.wowhead.com/tbc/spell=12664,Talent: Improved Heroic Strike; tree row 1
Arms,Talent,Improved Intercept,29888,29888,Rank 1/2,,Reduces the cooldown of your Intercept ability by 5 sec.,Talent Passive,Data only,,,,,Data only,TALENT,https://www.wowhead.com/tbc/spell=29888,Talent: Improved Intercept; tree row 6
Arms,Talent,Improved Intercept,29889,29888,Rank 2/2,,Reduces the cooldown of your Intercept ability by 10 sec.,Talent Passive,Data only,,,,,Data only,TALENT,https://www.wowhead.com/tbc/spell=29889,Talent: Improved Intercept; tree row 6
Arms,Talent,Improved Mortal Strike,35446,35446,Rank 1/5,,Reduces the cooldown of your Mortal Strike ability by 0.2 sec and increases the damage it causes by 1%.,Talent Passive,Data only,,,,,Data only,TALENT,https://www.wowhead.com/tbc/spell=35446,Talent: Improved Mortal Strike; tree row 8
Arms,Talent,Improved Mortal Strike,35448,35446,Rank 2/5,,Reduces the cooldown of your Mortal Strike ability by 0.4 sec and increases the damage it causes by 2%.,Talent Passive,Data only,,,,,Data only,TALENT,https://www.wowhead.com/tbc/spell=35448,Talent: Improved Mortal Strike; tree row 8
Arms,Talent,Improved Mortal Strike,35449,35446,Rank 3/5,,Reduces the cooldown of your Mortal Strike ability by 0.6 sec and increases the damage it causes by 3%.,Talent Passive,Data only,,,,,Data only,TALENT,https://www.wowhead.com/tbc/spell=35449,Talent: Improved Mortal Strike; tree row 8
Arms,Talent,Improved Mortal Strike,35450,35446,Rank 4/5,,Reduces the cooldown of your Mortal Strike ability by 0.8 sec and increases the damage it causes by 4%.,Talent Passive,Data only,,,,,Data only,TALENT,https://www.wowhead.com/tbc/spell=35450,Talent: Improved Mortal Strike; tree row 8
Arms,Talent,Improved Mortal Strike,35451,35446,Rank 5/5,,Reduces the cooldown of your Mortal Strike ability by 1 sec and increases the damage it causes by 5%.,Talent Passive,Data only,,,,,Data only,TALENT,https://www.wowhead.com/tbc/spell=35451,Talent: Improved Mortal Strike; tree row 8
Arms,Talent,Improved Overpower,12290,12290,Rank 1/2,,Increases the critical strike chance of your Overpower ability by 25%.,Talent Passive,Data only,,,,,Data only,TALENT,https://www.wowhead.com/tbc/spell=12290,Talent: Improved Overpower; tree row 3
Arms,Talent,Improved Overpower,12963,12290,Rank 2/2,,Increases the critical strike chance of your Overpower ability by 50%.,Talent Passive,Data only,,,,,Data only,TALENT,https://www.wowhead.com/tbc/spell=12963,Talent: Improved Overpower; tree row 3
Arms,Talent,Improved Rend,12286,12286,Rank 1/3,,Increases the bleed damage done by your Rend ability by 25%.,Talent Passive,Data only,,,,,Data only,TALENT,https://www.wowhead.com/tbc/spell=12286,Talent: Improved Rend; tree row 1
Arms,Talent,Improved Rend,12658,12286,Rank 2/3,,Increases the bleed damage done by your Rend ability by 50%.,Talent Passive,Data only,,,,,Data only,TALENT,https://www.wowhead.com/tbc/spell=12658,Talent: Improved Rend; tree row 1
Arms,Talent,Improved Rend,12659,12286,Rank 3/3,,Increases the bleed damage done by your Rend ability by 75%.,Talent Passive,Data only,,,,,Data only,TALENT,https://www.wowhead.com/tbc/spell=12659,Talent: Improved Rend; tree row 1
Arms,Talent,Improved Thunder Clap,12287,12287,Rank 1/3,,Reduces the cost of your Thunder Clap ability by 1 rage point and increases the damage by 40% and the slowing effect by an additional 4%.,Talent Passive,Data only,,,,,Data only,TALENT,https://www.wowhead.com/tbc/spell=12287,Talent: Improved Thunder Clap; tree row 2
Arms,Talent,Improved Thunder Clap,12665,12287,Rank 2/3,,Reduces the cost of your Thunder Clap ability by 2 rage points and increases the damage by 70% and the slowing effect by an additional 7%.,Talent Passive,Data only,,,,,Data only,TALENT,https://www.wowhead.com/tbc/spell=12665,Talent: Improved Thunder Clap; tree row 2
Arms,Talent,Improved Thunder Clap,12666,12287,Rank 3/3,,Reduces the cost of your Thunder Clap ability by 4 rage points and increases the damage by 100% and the slowing effect by an additional 10%.,Talent Passive,Data only,,,,,Data only,TALENT,https://www.wowhead.com/tbc/spell=12666,Talent: Improved Thunder Clap; tree row 2
Arms,Talent,Iron Will,12300,12300,Rank 1/5,,Increases your chance to resist Stun and Charm effects by an additional 3%.,Talent Passive,Data only,,,,,Data only,TALENT,https://www.wowhead.com/tbc/spell=12300,Talent: Iron Will; tree row 2
Arms,Talent,Iron Will,12959,12300,Rank 2/5,,Increases your chance to resist Stun and Charm effects by an additional 6%.,Talent Passive,Data only,,,,,Data only,TALENT,https://www.wowhead.com/tbc/spell=12959,Talent: Iron Will; tree row 2
Arms,Talent,Iron Will,12960,12300,Rank 3/5,,Increases your chance to resist Stun and Charm effects by an additional 9%.,Talent Passive,Data only,,,,,Data only,TALENT,https://www.wowhead.com/tbc/spell=12960,Talent: Iron Will; tree row 2
Arms,Talent,Iron Will,12961,12300,Rank 4/5,,Increases your chance to resist Stun and Charm effects by an additional 12%.,Talent Passive,Data only,,,,,Data only,TALENT,https://www.wowhead.com/tbc/spell=12961,Talent: Iron Will; tree row 2
Arms,Talent,Iron Will,12962,12300,Rank 5/5,,Increases your chance to resist Stun and Charm effects by an additional 15%.,Talent Passive,Data only,,,,,Data only,TALENT,https://www.wowhead.com/tbc/spell=12962,Talent: Iron Will; tree row 2
Arms,Talent,Mace Specialization,12284,12284,Rank 1/5,,Gives your melee attacks a chance to stun your target for 3 sec and generate 7 rage when using a Mace.,Talent Passive,Data only,,3,,,Data only,TALENT,https://www.wowhead.com/tbc/spell=12284,Talent: Mace Specialization; tree row 5
Arms,Talent,Mace Specialization,12701,12284,Rank 1,,Gives your melee attacks a chance to stun your target for 3 sec and generate 7 rage when using a Mace. More effective than Mace Specialization (Rank 1).,Talent Passive,Data only,,3,,,Data only,TALENT,https://www.wowhead.com/tbc/spell=12701,Talent: Mace Specialization; tree row 5
Arms,Talent,Mace Specialization,12702,12284,Rank 2,,Gives your melee attacks a chance to stun your target for 3 sec and generate 7 rage when using a Mace. More effective than Mace Specialization (Rank 2).,Talent Passive,Data only,,3,,,Data only,TALENT,https://www.wowhead.com/tbc/spell=12702,Talent: Mace Specialization; tree row 5
Arms,Talent,Mace Specialization,12703,12284,Rank 3,,Gives your melee attacks a chance to stun your target for 3 sec and generate 7 rage when using a Mace. More effective than Mace Specialization (Rank 3).,Talent Passive,Data only,,3,,,Data only,TALENT,https://www.wowhead.com/tbc/spell=12703,Talent: Mace Specialization; tree row 5
Arms,Talent,Mace Specialization,12704,12284,Rank 4,,Gives your melee attacks a chance to stun your target for 3 sec and generate 7 rage when using a Mace. More effective than Mace Specialization (Rank 4).,Talent Passive,Data only,,3,,,Data only,TALENT,https://www.wowhead.com/tbc/spell=12704,Talent: Mace Specialization; tree row 5
Arms,Talent Ability,Mortal Strike,12294,12294,Rank 1/1,,"A vicious strike that deals weapon damage plus 85 and wounds the target, reducing the effectiveness of any healing by 50% for 10 sec.",Offensive,Main,6,10,30 Rage,,Cooldown,"DEBUFF, DPS, PVE_PVP, ROTATIONAL",https://www.wowhead.com/tbc/spell=12294,Talent-required | Talent: Mortal Strike
Arms,Talent Ability,Mortal Strike,21551,12294,Rank 2,48,"A vicious strike that deals weapon damage plus 110 and wounds the target, reducing the effectiveness of any healing by 50% for 10 sec.",Offensive,Main,6,10,30 Rage,,Cooldown,"DEBUFF, DPS, PVE_PVP, ROTATIONAL",https://www.wowhead.com/tbc/spell=21551,Talent-required
Arms,Talent Ability,Mortal Strike,21552,12294,Rank 3,54,"A vicious strike that deals weapon damage plus 135 and wounds the target, reducing the effectiveness of any healing by 50% for 10 sec.",Offensive,Main,6,10,30 Rage,,Cooldown,"DEBUFF, DPS, PVE_PVP, ROTATIONAL",https://www.wowhead.com/tbc/spell=21552,Talent-required
Arms,Talent Ability,Mortal Strike,21553,12294,Rank 4,60,"A vicious strike that deals weapon damage plus 160 and wounds the target, reducing the effectiveness of any healing by 50% for 10 sec.",Offensive,Main,6,10,30 Rage,,Cooldown,"DEBUFF, DPS, PVE_PVP, ROTATIONAL",https://www.wowhead.com/tbc/spell=21553,Talent-required
Arms,Talent Ability,Mortal Strike,25248,12294,Rank 5,66,"A vicious strike that deals weapon damage plus 185 and wounds the target, reducing the effectiveness of any healing by 50% for 10 sec.",Offensive,Main,6,10,30 Rage,,Cooldown,"DEBUFF, DPS, PVE_PVP, ROTATIONAL",https://www.wowhead.com/tbc/spell=25248,Talent-required
Arms,Talent Ability,Mortal Strike,27580,12294,Rank 6,60,"A vicious strike that deals weapon damage plus 160 and wounds the target, reducing the effectiveness of any healing by 50% for 10 sec.",Offensive,Main,6,10,,,Cooldown,"DEBUFF, DPS, PVE_PVP, ROTATIONAL",https://www.wowhead.com/tbc/spell=27580,Talent-required
Arms,Talent Ability,Mortal Strike,30330,12294,Rank 7,70,"A vicious strike that deals weapon damage plus 210 and wounds the target, reducing the effectiveness of any healing by 50% for 10 sec.",Offensive,Main,6,10,30 Rage,,Cooldown,"DEBUFF, DPS, PVE_PVP, ROTATIONAL",https://www.wowhead.com/tbc/spell=30330,Talent-required
Arms,Talent,Poleaxe Specialization,12700,12700,Rank 1/5,,Increases your chance to get a critical strike with Axes and Polearms by 1%.,Talent Passive,Data only,,,,,Data only,TALENT,https://www.wowhead.com/tbc/spell=12700,Talent: Poleaxe Specialization; tree row 5
Arms,Talent,Poleaxe Specialization,12781,12700,Rank 2/5,,Increases your chance to get a critical strike with Axes and Polearms by 2%.,Talent Passive,Data only,,,,,Data only,TALENT,https://www.wowhead.com/tbc/spell=12781,Talent: Poleaxe Specialization; tree row 5
Arms,Talent,Poleaxe Specialization,12783,12700,Rank 3/5,,Increases your chance to get a critical strike with Axes and Polearms by 3%.,Talent Passive,Data only,,,,,Data only,TALENT,https://www.wowhead.com/tbc/spell=12783,Talent: Poleaxe Specialization; tree row 5
Arms,Talent,Poleaxe Specialization,12784,12700,Rank 4/5,,Increases your chance to get a critical strike with Axes and Polearms by 4%.,Talent Passive,Data only,,,,,Data only,TALENT,https://www.wowhead.com/tbc/spell=12784,Talent: Poleaxe Specialization; tree row 5
Arms,Talent,Poleaxe Specialization,12785,12700,Rank 5/5,,Increases your chance to get a critical strike with Axes and Polearms by 5%.,Talent Passive,Data only,,,,,Data only,TALENT,https://www.wowhead.com/tbc/spell=12785,Talent: Poleaxe Specialization; tree row 5
Arms,Talent,Second Wind,29834,29834,Rank 1/2,,Whenever you are struck by a Stun or Immobilize effect you will generate 10 rage and 5% of your total health over 10 sec.,Talent Passive,Data only,,,,,Data only,TALENT,https://www.wowhead.com/tbc/spell=29834,Talent: Second Wind; tree row 7
Arms,Talent,Second Wind,29838,29834,Rank 2/2,,Whenever you are struck by a Stun or Immobilize effect you will generate 20 rage and 10% of your total health over 10 sec.,Talent Passive,Data only,,,,,Data only,TALENT,https://www.wowhead.com/tbc/spell=29838,Talent: Second Wind; tree row 7
Arms,Talent,Sword Specialization,12281,12281,Rank 1/5,,Gives you a 1% chance to get an extra attack on the same target after hitting your target with your Sword.,Talent Passive,Data only,,,,,Data only,TALENT,https://www.wowhead.com/tbc/spell=12281,Talent: Sword Specialization; tree row 5
Arms,Talent,Sword Specialization,12812,12281,Rank 2/5,,Gives you a 2% chance to get an extra attack on the same target after hitting your target with your Sword.,Talent Passive,Data only,,,,,Data only,TALENT,https://www.wowhead.com/tbc/spell=12812,Talent: Sword Specialization; tree row 5
Arms,Talent,Sword Specialization,12813,12281,Rank 3/5,,Gives you a 3% chance to get an extra attack on the same target after hitting your target with your Sword.,Talent Passive,Data only,,,,,Data only,TALENT,https://www.wowhead.com/tbc/spell=12813,Talent: Sword Specialization; tree row 5
Arms,Talent,Sword Specialization,12814,12281,Rank 4/5,,Gives you a 4% chance to get an extra attack on the same target after hitting your target with your Sword.,Talent Passive,Data only,,,,,Data only,TALENT,https://www.wowhead.com/tbc/spell=12814,Talent: Sword Specialization; tree row 5
Arms,Talent,Sword Specialization,12815,12281,Rank 5/5,,Gives you a 5% chance to get an extra attack on the same target after hitting your target with your Sword.,Talent Passive,Data only,,,,,Data only,TALENT,https://www.wowhead.com/tbc/spell=12815,Talent: Sword Specialization; tree row 5
Arms,Talent,Two-Handed Weapon Specialization,12163,12163,Rank 1/5,,Increases the damage you deal with two-handed melee weapons by 1%.,Talent Passive,Data only,,,,,Data only,TALENT,https://www.wowhead.com/tbc/spell=12163,Talent: Two-Handed Weapon Specialization; tree row 4
Arms,Talent,Two-Handed Weapon Specialization,12711,12163,Rank 2/5,,Increases the damage you deal with two-handed melee weapons by 2%.,Talent Passive,Data only,,,,,Data only,TALENT,https://www.wowhead.com/tbc/spell=12711,Talent: Two-Handed Weapon Specialization; tree row 4
Arms,Talent,Two-Handed Weapon Specialization,12712,12163,Rank 3/5,,Increases the damage you deal with two-handed melee weapons by 3%.,Talent Passive,Data only,,,,,Data only,TALENT,https://www.wowhead.com/tbc/spell=12712,Talent: Two-Handed Weapon Specialization; tree row 4
Arms,Talent,Two-Handed Weapon Specialization,12713,12163,Rank 4/5,,Increases the damage you deal with two-handed melee weapons by 4%.,Talent Passive,Data only,,,,,Data only,TALENT,https://www.wowhead.com/tbc/spell=12713,Talent: Two-Handed Weapon Specialization; tree row 4
Arms,Talent,Two-Handed Weapon Specialization,12714,12163,Rank 5/5,,Increases the damage you deal with two-handed melee weapons by 5%.,Talent Passive,Data only,,,,,Data only,TALENT,https://www.wowhead.com/tbc/spell=12714,Talent: Two-Handed Weapon Specialization; tree row 4
"Arms, Fury",Ability,Execute,5308,5308,Rank 1,24,"Attempt to finish off a wounded foe, causing 125 damage and converting each extra point of rage into 3 additional damage. Only usable on enemies that have less than 20% health.",Offensive,Main,0,,15 Rage,,Cooldown,"CONSUMES_ALL_RESOURCE, DPS, FINISHER, PVE_PVP, REACTIVE, ROTATIONAL",https://www.wowhead.com/tbc/spell=5308,
"Arms, Fury",Ability,Execute,7160,5308,Rank 2,6,"Attempts to finish off a wounded enemy, inflicting normal damage plus 50. Execute can only be used on enemies that have 20% or less health.",Offensive,Main,0,,,,Cooldown,"CONSUMES_ALL_RESOURCE, DPS, FINISHER, PVE_PVP, REACTIVE, ROTATIONAL",https://www.wowhead.com/tbc/spell=7160,
"Arms, Fury",Ability,Execute,20658,5308,Rank 3,32,"Attempt to finish off a wounded foe, causing 200 damage and converting each extra point of rage into 6 additional damage. Only usable on enemies that have less than 20% health.",Offensive,Main,0,,15 Rage,,Cooldown,"CONSUMES_ALL_RESOURCE, DPS, FINISHER, PVE_PVP, REACTIVE, ROTATIONAL",https://www.wowhead.com/tbc/spell=20658,
"Arms, Fury",Ability,Execute,20660,5308,Rank 4,40,"Attempt to finish off a wounded foe, causing 325 damage and converting each extra point of rage into 9 additional damage. Only usable on enemies that have less than 20% health.",Offensive,Main,0,,15 Rage,,Cooldown,"CONSUMES_ALL_RESOURCE, DPS, FINISHER, PVE_PVP, REACTIVE, ROTATIONAL",https://www.wowhead.com/tbc/spell=20660,
"Arms, Fury",Ability,Execute,20661,5308,Rank 5,48,"Attempt to finish off a wounded foe, causing 450 damage and converting each extra point of rage into 12 additional damage. Only usable on enemies that have less than 20% health.",Offensive,Main,0,,15 Rage,,Cooldown,"CONSUMES_ALL_RESOURCE, DPS, FINISHER, PVE_PVP, REACTIVE, ROTATIONAL",https://www.wowhead.com/tbc/spell=20661,
"Arms, Fury",Ability,Execute,20662,5308,Rank 6,56,"Attempt to finish off a wounded foe, causing 600 damage and converting each extra point of rage into 15 additional damage. Only usable on enemies that have less than 20% health.",Offensive,Main,0,,15 Rage,,Cooldown,"CONSUMES_ALL_RESOURCE, DPS, FINISHER, PVE_PVP, REACTIVE, ROTATIONAL",https://www.wowhead.com/tbc/spell=20662,
"Arms, Fury",Ability,Execute,25234,5308,Rank 7,65,"Attempt to finish off a wounded foe, causing 750 damage and converting each extra point of rage into 18 additional damage. Only usable on enemies that have less than 20% health.",Offensive,Main,0,,15 Rage,,Cooldown,"CONSUMES_ALL_RESOURCE, DPS, FINISHER, PVE_PVP, REACTIVE, ROTATIONAL",https://www.wowhead.com/tbc/spell=25234,
"Arms, Fury",Ability,Execute,25236,5308,Rank 8,70,"Attempt to finish off a wounded foe, causing 925 damage and converting each extra point of rage into 21 additional damage. Only usable on enemies that have less than 20% health.",Offensive,Main,0,,15 Rage,,Cooldown,"CONSUMES_ALL_RESOURCE, DPS, FINISHER, PVE_PVP, REACTIVE, ROTATIONAL",https://www.wowhead.com/tbc/spell=25236,
"Arms, Fury",Ability,Pummel,6552,6552,Rank 1,38,Pummel the target for 20 damage. It also interrupts spellcasting and prevents any spell in that school from being cast for 4 sec.,Interrupt,Utility,10,4,10 Rage,,Cooldown,INTERRUPT,https://www.wowhead.com/tbc/spell=6552,
"Arms, Fury",Ability,Pummel,6554,6552,Rank 2,58,Pummel the target for 50 damage. It also interrupts spellcasting and prevents any spell in that school from being cast for 4 sec.,Interrupt,Utility,10,4,10 Rage,,Cooldown,INTERRUPT,https://www.wowhead.com/tbc/spell=6554,
"Arms, Fury",Ability,Pummel,13491,6552,Rank 3,6,Pummel the target for 4 damage and interrupt the spell being cast for 5 sec.,Interrupt,Utility,10,4,10 Rage,,Cooldown,INTERRUPT,https://www.wowhead.com/tbc/spell=13491,
"Arms, Fury",Ability,Victory Rush,34428,34428,,62,Instantly attack the target causing (Attack Power * 45 / 100) damage. Can only be used within 20 sec after you kill an enemy that yields experience or honor. Damage is based on your attack power.,Healing,Utility,0,,,,Cooldown + aura,"DPS, HEAL_SINGLE, PROC, PVE_PVP, REACTIVE, ROTATIONAL",https://www.wowhead.com/tbc/spell=34428,
Class-wide / Shared,Ability,Battle Shout,2048,6673,Rank 1,69,"The warrior shouts, increasing the melee attack power of all party members within 20 yards by 
306. Lasts 2 min.",Utility,Utility,0,120,10 Rage,,Cooldown,"BUFF, LONG_BUFF, UTILITY",https://www.wowhead.com/tbc/spell=2048,
Class-wide / Shared,Ability,Battle Shout,5242,6673,Rank 2,12,"The warrior shouts, increasing the melee attack power of all party members within 20 yards by 
40. Lasts 2 min.",Utility,Utility,0,120,10 Rage,,Cooldown,"BUFF, LONG_BUFF, UTILITY",https://www.wowhead.com/tbc/spell=5242,
Class-wide / Shared,Ability,Battle Shout,6192,6673,Rank 3,22,"The warrior shouts, increasing the melee attack power of all party members within 20 yards by 
60. Lasts 2 min.",Utility,Utility,0,120,10 Rage,,Cooldown,"BUFF, LONG_BUFF, UTILITY",https://www.wowhead.com/tbc/spell=6192,
Class-wide / Shared,Ability,Battle Shout,6673,6673,Rank 4,1,"The warrior shouts, increasing the melee attack power of all party members within 20 yards by 
20. Lasts 2 min.",Utility,Utility,0,120,10 Rage,,Cooldown,"BUFF, LONG_BUFF, UTILITY",https://www.wowhead.com/tbc/spell=6673,
Class-wide / Shared,Ability,Battle Shout,11549,6673,Rank 5,32,"The warrior shouts, increasing the melee attack power of all party members within 20 yards by 
94. Lasts 2 min.",Utility,Utility,0,120,10 Rage,,Cooldown,"BUFF, LONG_BUFF, UTILITY",https://www.wowhead.com/tbc/spell=11549,
Class-wide / Shared,Ability,Battle Shout,11550,6673,Rank 6,42,"The warrior shouts, increasing the melee attack power of all party members within 20 yards by 
139. Lasts 2 min.",Utility,Utility,0,120,10 Rage,,Cooldown,"BUFF, LONG_BUFF, UTILITY",https://www.wowhead.com/tbc/spell=11550,
Class-wide / Shared,Ability,Battle Shout,11551,6673,Rank 7,52,"The warrior shouts, increasing the melee attack power of all party members within 20 yards by 
194. Lasts 2 min.",Utility,Utility,0,120,10 Rage,,Cooldown,"BUFF, LONG_BUFF, UTILITY",https://www.wowhead.com/tbc/spell=11551,
Class-wide / Shared,Ability,Battle Shout,25289,6673,Rank 8,60,"The warrior shouts, increasing the melee attack power of all party members within 20 yards by 
240. Lasts 2 min.",Utility,Utility,0,120,10 Rage,,Cooldown,"BUFF, LONG_BUFF, UTILITY",https://www.wowhead.com/tbc/spell=25289,
Class-wide / Shared,Ability,Battle Stance,2457,2457,,1,A balanced combat stance.,Ability,Data only,1,,,,Cooldown,STANCE,https://www.wowhead.com/tbc/spell=2457,
Class-wide / Shared,Ability,Berserker Rage,18499,18499,,32,"The warrior enters a berserker rage, becoming immune to Fear, Sap and Incapacitate effects and generating extra rage when taking damage. Lasts 10 sec.",Defensive,Utility,30,10,,,Cooldown + aura,"CC_BREAK, CC_IMMUNITY, HAS_BUFF",https://www.wowhead.com/tbc/spell=18499,
Class-wide / Shared,Ability,Berserker Stance,2458,2458,,30,An aggressive stance. Critical hit chance is increased by 3% and all damage taken is increased by 10%.,Ability,Data only,1,,,,Cooldown,STANCE,https://www.wowhead.com/tbc/spell=2458,
Class-wide / Shared,Ability,Bloodrage,2687,2687,,10,"Generates 10 rage at the cost of health, and then generates an additional 10 rage over 10 sec.",Resource,Main,60,10,,29131,Cooldown + aura,"DPS, HAS_BUFF, MINOR, RESOURCE",https://www.wowhead.com/tbc/spell=2687,
Class-wide / Shared,Ability,Charge,100,100,Rank 1,4,"Charge an enemy, generate 9 rage, and stun it for 1 sec. Cannot be used in combat.",Crowd Control,Utility,15,1,,7922,Cooldown + aura,"CC_HARD, MOVEMENT, MOVEMENT_GAP_CLOSE",https://www.wowhead.com/tbc/spell=100,
Class-wide / Shared,Ability,Charge,6178,100,Rank 2,26,"Charge an enemy, generate 12 rage, and stun it for 1 sec. Cannot be used in combat.",Crowd Control,Utility,15,1,,7922,Cooldown + aura,"CC_HARD, MOVEMENT, MOVEMENT_GAP_CLOSE",https://www.wowhead.com/tbc/spell=6178,
Class-wide / Shared,Ability,Charge,11578,100,Rank 3,46,"Charge an enemy, generate 15 rage, and stun it for 1 sec. Cannot be used in combat.",Crowd Control,Utility,15,1,,7922,Cooldown + aura,"CC_HARD, MOVEMENT, MOVEMENT_GAP_CLOSE",https://www.wowhead.com/tbc/spell=11578,
Class-wide / Shared,Ability,Cleave,845,845,Rank 1,20,A sweeping attack that does your weapon damage plus 5 to the target and his nearest ally.,Offensive,Main,0,,20 Rage,,Cooldown,"AOE, DPS, FILLER, MINOR, PVE, SWING_RESET",https://www.wowhead.com/tbc/spell=845,
Class-wide / Shared,Ability,Cleave,7369,845,Rank 2,30,A sweeping attack that does your weapon damage plus 10 to the target and his nearest ally.,Offensive,Main,0,,20 Rage,,Cooldown,"AOE, DPS, FILLER, MINOR, PVE, SWING_RESET",https://www.wowhead.com/tbc/spell=7369,
Class-wide / Shared,Ability,Cleave,11608,845,Rank 3,40,A sweeping attack that does your weapon damage plus 18 to the target and his nearest ally.,Offensive,Main,0,,20 Rage,,Cooldown,"AOE, DPS, FILLER, MINOR, PVE, SWING_RESET",https://www.wowhead.com/tbc/spell=11608,
Class-wide / Shared,Ability,Cleave,11609,845,Rank 4,50,A sweeping attack that does your weapon damage plus 32 to the target and his nearest ally.,Offensive,Main,0,,20 Rage,,Cooldown,"AOE, DPS, FILLER, MINOR, PVE, SWING_RESET",https://www.wowhead.com/tbc/spell=11609,
Class-wide / Shared,Ability,Cleave,20569,845,Rank 5,60,A sweeping attack that does your weapon damage plus 50 to the target and his nearest ally.,Offensive,Main,0,,20 Rage,,Cooldown,"AOE, DPS, FILLER, MINOR, PVE, SWING_RESET",https://www.wowhead.com/tbc/spell=20569,
Class-wide / Shared,Ability,Cleave,25231,845,Rank 6,68,A sweeping attack that does your weapon damage plus 70 to the target and his nearest ally.,Offensive,Main,0,,20 Rage,,Cooldown,"AOE, DPS, FILLER, MINOR, PVE, SWING_RESET",https://www.wowhead.com/tbc/spell=25231,
Class-wide / Shared,Ability,Commanding Shout,469,469,,68,Increases maximum health of all party members within 20 yards by 1080. Lasts 2 min.,Utility,Utility,0,120,10 Rage,,Cooldown,"BUFF, LONG_BUFF, UTILITY",https://www.wowhead.com/tbc/spell=469,
Class-wide / Shared,Ability,Defensive Stance,71,71,,10,A defensive combat stance. Decreases damage taken by 10% and damage caused by 10%. Increases threat generated.,Ability,Data only,1,,,,Cooldown,STANCE,https://www.wowhead.com/tbc/spell=71,
Class-wide / Shared,Ability,Disarm,676,676,,18,Disarm the enemy's weapon for 10 sec.,Crowd Control,Utility,60,10,20 Rage,,Cooldown,CC_HARD,https://www.wowhead.com/tbc/spell=676,
Class-wide / Shared,Ability,Hamstring,1715,1715,Rank 1,8,"Maims the enemy, causing 5 damage and slowing the enemy's movement by 40% for 15 sec.",Crowd Control,Utility,0,15,10 Rage,,Cooldown,"CC_SOFT, FILLER",https://www.wowhead.com/tbc/spell=1715,
Class-wide / Shared,Ability,Hamstring,7372,1715,Rank 2,32,"Maims the enemy, causing 18 damage and slowing the enemy's movement by 45% for 15 sec.",Crowd Control,Utility,0,15,10 Rage,,Cooldown,"CC_SOFT, FILLER",https://www.wowhead.com/tbc/spell=7372,
Class-wide / Shared,Ability,Hamstring,7373,1715,Rank 3,54,"Maims the enemy, causing 45 damage and slowing the enemy's movement by 50% for 15 sec.",Crowd Control,Utility,0,15,10 Rage,,Cooldown,"CC_SOFT, FILLER",https://www.wowhead.com/tbc/spell=7373,
Class-wide / Shared,Ability,Hamstring,25212,1715,Rank 4,67,"Maims the enemy, causing 63 damage and slowing the enemy's movement to 50% of normal speed for 15 sec.",Crowd Control,Utility,0,15,10 Rage,,Cooldown,"CC_SOFT, FILLER",https://www.wowhead.com/tbc/spell=25212,
Class-wide / Shared,Ability,Hamstring,27584,1715,Rank 5,54,"Maims the enemy, causing 45 damage and slowing the enemy's movement by 50% for 15 sec.",Crowd Control,Utility,0,15,,,Cooldown,"CC_SOFT, FILLER",https://www.wowhead.com/tbc/spell=27584,
Class-wide / Shared,Ability,Heroic Strike,78,78,Rank 1,1,A strong attack that increases melee damage by 11 and causes a high amount of threat.,Offensive,Main,0,,15 Rage,,Cooldown,"DPS, FILLER, MINOR, PVE, SWING_RESET",https://www.wowhead.com/tbc/spell=78,
Class-wide / Shared,Ability,Heroic Strike,284,78,Rank 2,8,A strong attack that increases melee damage by 21 and causes a high amount of threat.,Offensive,Main,0,,15 Rage,,Cooldown,"DPS, FILLER, MINOR, PVE, SWING_RESET",https://www.wowhead.com/tbc/spell=284,
Class-wide / Shared,Ability,Heroic Strike,285,78,Rank 3,16,A strong attack that increases melee damage by 32 and causes a high amount of threat.,Offensive,Main,0,,15 Rage,,Cooldown,"DPS, FILLER, MINOR, PVE, SWING_RESET",https://www.wowhead.com/tbc/spell=285,
Class-wide / Shared,Ability,Heroic Strike,1608,78,Rank 4,24,A strong attack that increases melee damage by 44 and causes a high amount of threat.,Offensive,Main,0,,15 Rage,,Cooldown,"DPS, FILLER, MINOR, PVE, SWING_RESET",https://www.wowhead.com/tbc/spell=1608,
Class-wide / Shared,Ability,Heroic Strike,11564,78,Rank 5,32,A strong attack that increases melee damage by 58 and causes a high amount of threat.,Offensive,Main,0,,15 Rage,,Cooldown,"DPS, FILLER, MINOR, PVE, SWING_RESET",https://www.wowhead.com/tbc/spell=11564,
Class-wide / Shared,Ability,Heroic Strike,11565,78,Rank 6,40,A strong attack that increases melee damage by 80 and causes a high amount of threat.,Offensive,Main,0,,15 Rage,,Cooldown,"DPS, FILLER, MINOR, PVE, SWING_RESET",https://www.wowhead.com/tbc/spell=11565,
Class-wide / Shared,Ability,Heroic Strike,11566,78,Rank 7,48,A strong attack that increases melee damage by 111 and causes a high amount of threat.,Offensive,Main,0,,15 Rage,,Cooldown,"DPS, FILLER, MINOR, PVE, SWING_RESET",https://www.wowhead.com/tbc/spell=11566,
Class-wide / Shared,Ability,Heroic Strike,11567,78,Rank 8,56,A strong attack that increases melee damage by 138 and causes a high amount of threat.,Offensive,Main,0,,15 Rage,,Cooldown,"DPS, FILLER, MINOR, PVE, SWING_RESET",https://www.wowhead.com/tbc/spell=11567,
Class-wide / Shared,Ability,Heroic Strike,25286,78,Rank 9,60,A strong attack that increases melee damage by 157 and causes a high amount of threat.,Offensive,Main,0,,15 Rage,,Cooldown,"DPS, FILLER, MINOR, PVE, SWING_RESET",https://www.wowhead.com/tbc/spell=25286,
Class-wide / Shared,Ability,Heroic Strike,25712,78,Rank 10,16,A strong attack that increases melee damage by 32 and causes a high amount of threat.,Offensive,Main,0,,,,Cooldown,"DPS, FILLER, MINOR, PVE, SWING_RESET",https://www.wowhead.com/tbc/spell=25712,
Class-wide / Shared,Ability,Heroic Strike,29707,78,Rank 11,66,A strong attack that increases melee damage by 176 and causes a high amount of threat. Causes 62 additional damage against Dazed targets.,Offensive,Main,0,,15 Rage,,Cooldown,"DPS, FILLER, MINOR, PVE, SWING_RESET",https://www.wowhead.com/tbc/spell=29707,
Class-wide / Shared,Ability,Heroic Strike,30324,78,Rank 12,70,A strong attack that increases melee damage by 208 and causes a high amount of threat. Causes 73 additional damage against Dazed targets.,Offensive,Main,0,,15 Rage,,Cooldown,"DPS, FILLER, MINOR, PVE, SWING_RESET",https://www.wowhead.com/tbc/spell=30324,
Class-wide / Shared,Ability,Intercept,20252,20252,Rank 1,30,"Charge an enemy, causing 25 damage and stunning it for 3 sec.",Crowd Control,Utility,30,3,10 Rage,20615,Cooldown + aura,"CC_HARD, MOVEMENT, MOVEMENT_GAP_CLOSE",https://www.wowhead.com/tbc/spell=20252,
Class-wide / Shared,Ability,Intercept,20616,20252,Rank 2,42,"Charge an enemy, causing 45 damage and stunning it for 3 sec.",Crowd Control,Utility,30,3,10 Rage,20615,Cooldown + aura,"CC_HARD, MOVEMENT, MOVEMENT_GAP_CLOSE",https://www.wowhead.com/tbc/spell=20616,
Class-wide / Shared,Ability,Intercept,20617,20252,Rank 3,52,"Charge an enemy, causing 65 damage and stunning it for 3 sec.",Crowd Control,Utility,30,3,10 Rage,20615,Cooldown + aura,"CC_HARD, MOVEMENT, MOVEMENT_GAP_CLOSE",https://www.wowhead.com/tbc/spell=20617,
Class-wide / Shared,Ability,Intercept,25272,20252,Rank 4,61,"Charge an enemy, causing 85 damage and stunning it for 3 sec.",Crowd Control,Utility,30,3,10 Rage,20615,Cooldown + aura,"CC_HARD, MOVEMENT, MOVEMENT_GAP_CLOSE",https://www.wowhead.com/tbc/spell=25272,
Class-wide / Shared,Ability,Intercept,25275,20252,Rank 5,69,"Charge an enemy, causing 105 damage and stunning it for 3 sec.",Crowd Control,Utility,30,3,10 Rage,20615,Cooldown + aura,"CC_HARD, MOVEMENT, MOVEMENT_GAP_CLOSE",https://www.wowhead.com/tbc/spell=25275,
Class-wide / Shared,Ability,Intervene,3411,3411,,70,"Run at high speed towards a party member, intercepting the next melee or ranged attack made against them.",Mobility,Utility,30,,10 Rage,,Cooldown,"MOVEMENT, MOVEMENT_GAP_CLOSE",https://www.wowhead.com/tbc/spell=3411,
Class-wide / Shared,Ability,Intimidating Shout,5246,5246,,22,"The warrior shouts, causing enemies within 8 yards to cower in fear. Up to 5 total nearby enemies will flee in fear. Lasts 8 sec.",Crowd Control,Utility,180,8,25 Rage,20511,Cooldown + aura,"CC_HARD, FEAR",https://www.wowhead.com/tbc/spell=5246,
Class-wide / Shared,Ability,Rend,772,772,Rank 1,4,Wounds the target causing them to bleed for 15 damage plus an additional [0.00743 * 3 * ((Mainhand weapon max base damage + Mainhand weapon min base damage) / 2 + Attack Power / 14 * Mainhand weapon max base speed)] (based on weapon damage) over 9 sec.,Offensive,Main,0,15,10 Rage,,Cooldown,"DEBUFF, DPS, PVE, ROTATIONAL",https://www.wowhead.com/tbc/spell=772,
Class-wide / Shared,Ability,Rend,6546,772,Rank 2,10,Wounds the target causing them to bleed for 28 damage plus an additional [0.00743 * 4 * ((Mainhand weapon max base damage + Mainhand weapon min base damage) / 2 + Attack Power / 14 * Mainhand weapon max base speed)] (based on weapon damage) over 12 sec.,Offensive,Main,0,15,10 Rage,,Cooldown,"DEBUFF, DPS, PVE, ROTATIONAL",https://www.wowhead.com/tbc/spell=6546,
Class-wide / Shared,Ability,Rend,6547,772,Rank 3,20,Wounds the target causing them to bleed for 45 damage plus an additional [0.00743 * 5 * ((Mainhand weapon max base damage + Mainhand weapon min base damage) / 2 + Attack Power / 14 * Mainhand weapon max base speed)] (based on weapon damage) over 15 sec.,Offensive,Main,0,15,10 Rage,,Cooldown,"DEBUFF, DPS, PVE, ROTATIONAL",https://www.wowhead.com/tbc/spell=6547,
Class-wide / Shared,Ability,Rend,6548,772,Rank 4,30,Wounds the target causing them to bleed for 66 damage plus an additional [0.00743 * 6 * ((Mainhand weapon max base damage + Mainhand weapon min base damage) / 2 + Attack Power / 14 * Mainhand weapon max base speed)] (based on weapon damage) over 18 sec.,Offensive,Main,0,15,10 Rage,,Cooldown,"DEBUFF, DPS, PVE, ROTATIONAL",https://www.wowhead.com/tbc/spell=6548,
Class-wide / Shared,Ability,Rend,11572,772,Rank 5,40,Wounds the target causing them to bleed for 98 damage plus an additional [0.00743 * 7 * ((Mainhand weapon max base damage + Mainhand weapon min base damage) / 2 + Attack Power / 14 * Mainhand weapon max base speed)] (based on weapon damage) over 21 sec.,Offensive,Main,0,15,10 Rage,,Cooldown,"DEBUFF, DPS, PVE, ROTATIONAL",https://www.wowhead.com/tbc/spell=11572,
Class-wide / Shared,Ability,Rend,11573,772,Rank 6,50,Wounds the target causing them to bleed for 126 damage plus an additional [0.00743 * 7 * ((Mainhand weapon max base damage + Mainhand weapon min base damage) / 2 + Attack Power / 14 * Mainhand weapon max base speed)] (based on weapon damage) over 21 sec.,Offensive,Main,0,15,10 Rage,,Cooldown,"DEBUFF, DPS, PVE, ROTATIONAL",https://www.wowhead.com/tbc/spell=11573,
Class-wide / Shared,Ability,Rend,11574,772,Rank 7,60,Wounds the target causing them to bleed for 147 damage plus an additional [0.00743 * 7 * ((Mainhand weapon max base damage + Mainhand weapon min base damage) / 2 + Attack Power / 14 * Mainhand weapon max base speed)] (based on weapon damage) over 21 sec.,Offensive,Main,0,15,10 Rage,,Cooldown,"DEBUFF, DPS, PVE, ROTATIONAL",https://www.wowhead.com/tbc/spell=11574,
Class-wide / Shared,Ability,Rend,25208,772,Rank 8,68,Wounds the target causing them to bleed for 182 damage plus an additional [0.00743 * 7 * ((Mainhand weapon max base damage + Mainhand weapon min base damage) / 2 + Attack Power / 14 * Mainhand weapon max base speed)] (based on weapon damage) over 21 sec.,Offensive,Main,0,15,10 Rage,,Cooldown,"DEBUFF, DPS, PVE, ROTATIONAL",https://www.wowhead.com/tbc/spell=25208,
Class-wide / Shared,Ability,Slam,1464,1464,Rank 1,30,"Slams the opponent, causing weapon damage plus 32.",Offensive,Main,0,,15 Rage,,Cooldown,"DPS, PVE, ROTATIONAL, SWING_RESET",https://www.wowhead.com/tbc/spell=1464,
Class-wide / Shared,Ability,Slam,8820,1464,Rank 2,38,"Slams the opponent, causing weapon damage plus 43.",Offensive,Main,0,,15 Rage,,Cooldown,"DPS, PVE, ROTATIONAL, SWING_RESET",https://www.wowhead.com/tbc/spell=8820,
Class-wide / Shared,Ability,Slam,11604,1464,Rank 3,46,"Slams the opponent, causing weapon damage plus 68.",Offensive,Main,0,,15 Rage,,Cooldown,"DPS, PVE, ROTATIONAL, SWING_RESET",https://www.wowhead.com/tbc/spell=11604,
Class-wide / Shared,Ability,Slam,11605,1464,Rank 4,54,"Slams the opponent, causing weapon damage plus 87.",Offensive,Main,0,,15 Rage,,Cooldown,"DPS, PVE, ROTATIONAL, SWING_RESET",https://www.wowhead.com/tbc/spell=11605,
Class-wide / Shared,Ability,Slam,25241,1464,Rank 5,61,"Slams the opponent, causing weapon damage plus 105.",Offensive,Main,0,,15 Rage,,Cooldown,"DPS, PVE, ROTATIONAL, SWING_RESET",https://www.wowhead.com/tbc/spell=25241,
Class-wide / Shared,Ability,Slam,25242,1464,Rank 6,69,"Slams the opponent, causing weapon damage plus 140.",Offensive,Main,0,,15 Rage,,Cooldown,"DPS, PVE, ROTATIONAL, SWING_RESET",https://www.wowhead.com/tbc/spell=25242,
Class-wide / Shared,Ability,Spell Reflection,23920,23920,,64,"Raise your shield, reflecting the next spell cast on you. Lasts 5 sec.",Defensive,Utility,10,5,25 Rage,,Cooldown + aura,"DEFENSIVE, HAS_BUFF, IMMUNITY, MINOR",https://www.wowhead.com/tbc/spell=23920,
Fury,Ability,Recklessness,1719,1719,,50,"The warrior will cause critical hits with most attacks and will be immune to Fear effects for the next 15 sec, but all damage taken is increased by 20%.",Offensive,Main,1800,15,,,Cooldown + aura,"DPS, HAS_BUFF, MAJOR",https://www.wowhead.com/tbc/spell=1719,
Fury,Talent,Blood Craze,16487,16487,Rank 1/3,,Regenerates 1% of your total Health over 6 sec after being the victim of a critical strike.,Talent Passive,Data only,,,,,Data only,TALENT,https://www.wowhead.com/tbc/spell=16487,Talent: Blood Craze; tree row 3
Fury,Talent,Blood Craze,16489,16487,Rank 2/3,,Regenerates 2% of your total Health over 6 sec after being the victim of a critical strike.,Talent Passive,Data only,,,,,Data only,TALENT,https://www.wowhead.com/tbc/spell=16489,Talent: Blood Craze; tree row 3
Fury,Talent,Blood Craze,16492,16487,Rank 3/3,,Regenerates 3% of your total Health over 6 sec after being the victim of a critical strike.,Talent Passive,Data only,,,,,Data only,TALENT,https://www.wowhead.com/tbc/spell=16492,Talent: Blood Craze; tree row 3
Fury,Talent Ability,Bloodthirst,23881,23881,Rank 1/1,,"Instantly attack the target causing (Attack Power * 45 / 100) damage. In addition, the next 5 successful melee attacks will restore 10 health. This effect lasts 8 sec. Damage is based on your attack power.",Offensive,Main,6,8,30 Rage,,Cooldown,"DPS, PVE, ROTATIONAL",https://www.wowhead.com/tbc/spell=23881,Talent-required | Talent: Bloodthirst
Fury,Talent Ability,Bloodthirst,23892,23881,Rank 2,48,"Instantly attack the target causing (Attack Power * 45 / 100) damage. In addition, the next 5 successful melee attacks will restore 13 health. This effect lasts 8 sec. Damage is based on your attack power.",Offensive,Main,6,8,30 Rage,,Cooldown,"DPS, PVE, ROTATIONAL",https://www.wowhead.com/tbc/spell=23892,Talent-required
Fury,Talent Ability,Bloodthirst,23893,23881,Rank 3,54,"Instantly attack the target causing (Attack Power * 45 / 100) damage. In addition, the next 5 successful melee attacks will restore 17 health. This effect lasts 8 sec. Damage is based on your attack power.",Offensive,Main,6,8,30 Rage,,Cooldown,"DPS, PVE, ROTATIONAL",https://www.wowhead.com/tbc/spell=23893,Talent-required
Fury,Talent Ability,Bloodthirst,23894,23881,Rank 4,60,"Instantly attack the target causing (Attack Power * 45 / 100) damage. In addition, the next 5 successful melee attacks will restore 20 health. This effect lasts 8 sec. Damage is based on your attack power.",Offensive,Main,6,8,30 Rage,,Cooldown,"DPS, PVE, ROTATIONAL",https://www.wowhead.com/tbc/spell=23894,Talent-required
Fury,Talent Ability,Bloodthirst,25251,23881,Rank 5,66,"Instantly attack the target causing (Attack Power * 45 / 100) damage. In addition, the next 5 successful melee attacks will restore 25 health. This effect lasts 8 sec. Damage is based on your attack power.",Offensive,Main,6,8,30 Rage,,Cooldown,"DPS, PVE, ROTATIONAL",https://www.wowhead.com/tbc/spell=25251,Talent-required
Fury,Talent Ability,Bloodthirst,30335,23881,Rank 6,70,"Instantly attack the target causing (Attack Power * 45 / 100) damage. In addition, the next 5 successful melee attacks will restore 30 health. This effect lasts 8 sec. Damage is based on your attack power.",Offensive,Main,6,8,30 Rage,,Cooldown,"DPS, PVE, ROTATIONAL",https://www.wowhead.com/tbc/spell=30335,Talent-required
Fury,Talent,Booming Voice,12321,12321,Rank 1/5,,"Increases the area of effect and duration of your Battle Shout, Demoralizing Shout and Commanding Shout by 10%.",Talent Passive,Data only,,,,,Data only,TALENT,https://www.wowhead.com/tbc/spell=12321,Talent: Booming Voice; tree row 1
Fury,Talent,Booming Voice,12835,12321,Rank 2/5,,"Increases the area of effect and duration of your Battle Shout, Demoralizing Shout and Commanding Shout by 20%.",Talent Passive,Data only,,,,,Data only,TALENT,https://www.wowhead.com/tbc/spell=12835,Talent: Booming Voice; tree row 1
Fury,Talent,Booming Voice,12836,12321,Rank 3/5,,"Increases the area of effect and duration of your Battle Shout, Demoralizing Shout and Commanding Shout by 30%.",Talent Passive,Data only,,,,,Data only,TALENT,https://www.wowhead.com/tbc/spell=12836,Talent: Booming Voice; tree row 1
Fury,Talent,Booming Voice,12837,12321,Rank 4/5,,"Increases the area of effect and duration of your Battle Shout, Demoralizing Shout and Commanding Shout by 40%.",Talent Passive,Data only,,,,,Data only,TALENT,https://www.wowhead.com/tbc/spell=12837,Talent: Booming Voice; tree row 1
Fury,Talent,Booming Voice,12838,12321,Rank 5/5,,"Increases the area of effect and duration of your Battle Shout, Demoralizing Shout and Commanding Shout by 50%.",Talent Passive,Data only,,,,,Data only,TALENT,https://www.wowhead.com/tbc/spell=12838,Talent: Booming Voice; tree row 1
Fury,Talent,Commanding Presence,12318,12318,Rank 1/5,,Increases the melee attack power bonus of your Battle Shout and the health bonus of your Commanding Shout by 5%.,Talent Passive,Data only,,,,,Data only,TALENT,https://www.wowhead.com/tbc/spell=12318,Talent: Commanding Presence; tree row 3
Fury,Talent,Commanding Presence,12857,12318,Rank 2/5,,Increases the melee attack power bonus of your Battle Shout and the health bonus of your Commanding Shout by 10%.,Talent Passive,Data only,,,,,Data only,TALENT,https://www.wowhead.com/tbc/spell=12857,Talent: Commanding Presence; tree row 3
Fury,Talent,Commanding Presence,12858,12318,Rank 3/5,,Increases the melee attack power bonus of your Battle Shout and the health bonus of your Commanding Shout by 15%.,Talent Passive,Data only,,,,,Data only,TALENT,https://www.wowhead.com/tbc/spell=12858,Talent: Commanding Presence; tree row 3
Fury,Talent,Commanding Presence,12860,12318,Rank 4/5,,Increases the melee attack power bonus of your Battle Shout and the health bonus of your Commanding Shout by 20%.,Talent Passive,Data only,,,,,Data only,TALENT,https://www.wowhead.com/tbc/spell=12860,Talent: Commanding Presence; tree row 3
Fury,Talent,Commanding Presence,12861,12318,Rank 5/5,,Increases the melee attack power bonus of your Battle Shout and the health bonus of your Commanding Shout by 25%.,Talent Passive,Data only,,,,,Data only,TALENT,https://www.wowhead.com/tbc/spell=12861,Talent: Commanding Presence; tree row 3
Fury,Talent,Cruelty,12320,12320,Rank 1/5,,Increases your chance to get a critical strike with melee weapons by 1%.,Talent Passive,Data only,,,,,Data only,TALENT,https://www.wowhead.com/tbc/spell=12320,Talent: Cruelty; tree row 1
Fury,Talent,Cruelty,12852,12320,Rank 2/5,,Increases your chance to get a critical strike with melee weapons by 2%.,Talent Passive,Data only,,,,,Data only,TALENT,https://www.wowhead.com/tbc/spell=12852,Talent: Cruelty; tree row 1
Fury,Talent,Cruelty,12853,12320,Rank 3/5,,Increases your chance to get a critical strike with melee weapons by 3%.,Talent Passive,Data only,,,,,Data only,TALENT,https://www.wowhead.com/tbc/spell=12853,Talent: Cruelty; tree row 1
Fury,Talent,Cruelty,12855,12320,Rank 4/5,,Increases your chance to get a critical strike with melee weapons by 4%.,Talent Passive,Data only,,,,,Data only,TALENT,https://www.wowhead.com/tbc/spell=12855,Talent: Cruelty; tree row 1
Fury,Talent,Cruelty,12856,12320,Rank 5/5,,Increases your chance to get a critical strike with melee weapons by 5%.,Talent Passive,Data only,,,,,Data only,TALENT,https://www.wowhead.com/tbc/spell=12856,Talent: Cruelty; tree row 1
Fury,Talent,Dual Wield Specialization,23584,23584,Rank 1/5,,Increases the damage done by your offhand weapon by 5%.,Talent Passive,Data only,,,,,Data only,TALENT,https://www.wowhead.com/tbc/spell=23584,Talent: Dual Wield Specialization; tree row 4
Fury,Talent,Dual Wield Specialization,23585,23584,Rank 2/5,,Increases the damage done by your offhand weapon by 10%.,Talent Passive,Data only,,,,,Data only,TALENT,https://www.wowhead.com/tbc/spell=23585,Talent: Dual Wield Specialization; tree row 4
Fury,Talent,Dual Wield Specialization,23586,23584,Rank 3/5,,Increases the damage done by your offhand weapon by 15%.,Talent Passive,Data only,,,,,Data only,TALENT,https://www.wowhead.com/tbc/spell=23586,Talent: Dual Wield Specialization; tree row 4
Fury,Talent,Dual Wield Specialization,23587,23584,Rank 4/5,,Increases the damage done by your offhand weapon by 20%.,Talent Passive,Data only,,,,,Data only,TALENT,https://www.wowhead.com/tbc/spell=23587,Talent: Dual Wield Specialization; tree row 4
Fury,Talent,Dual Wield Specialization,23588,23584,Rank 5/5,,Increases the damage done by your offhand weapon by 25%.,Talent Passive,Data only,,,,,Data only,TALENT,https://www.wowhead.com/tbc/spell=23588,Talent: Dual Wield Specialization; tree row 4
Fury,Talent,Enrage,12317,12317,Rank 1/5,,Gives you a 5% melee damage bonus for 12 sec up to a maximum of 12 swings after being the victim of a critical strike.,Talent Passive,Data only,,12,,,Data only,TALENT,https://www.wowhead.com/tbc/spell=12317,Talent: Enrage; tree row 4
Fury,Talent,Enrage,13045,12317,Rank 2/5,,Gives you a 10% melee damage bonus for 12 sec up to a maximum of 12 swings after being the victim of a critical strike.,Talent Passive,Data only,,12,,,Data only,TALENT,https://www.wowhead.com/tbc/spell=13045,Talent: Enrage; tree row 4
Fury,Talent,Enrage,13046,12317,Rank 3/5,,Gives you a 15% melee damage bonus for 12 sec up to a maximum of 12 swings after being the victim of a critical strike.,Talent Passive,Data only,,12,,,Data only,TALENT,https://www.wowhead.com/tbc/spell=13046,Talent: Enrage; tree row 4
Fury,Talent,Enrage,13047,12317,Rank 4/5,,Gives you a 20% melee damage bonus for 12 sec up to a maximum of 12 swings after being the victim of a critical strike.,Talent Passive,Data only,,12,,,Data only,TALENT,https://www.wowhead.com/tbc/spell=13047,Talent: Enrage; tree row 4
Fury,Talent,Enrage,13048,12317,Rank 5/5,,Gives you a 25% melee damage bonus for 12 sec up to a maximum of 12 swings after being the victim of a critical strike.,Talent Passive,Data only,,12,,,Data only,TALENT,https://www.wowhead.com/tbc/spell=13048,Talent: Enrage; tree row 4
Fury,Talent,Flurry,12319,12319,Rank 1/5,,Increases your attack speed by 5% for your next 3 swings after dealing a melee critical strike.,Talent Passive,Data only,,,,,Data only,TALENT,https://www.wowhead.com/tbc/spell=12319,Talent: Flurry; tree row 6
Fury,Talent,Flurry,12971,12319,Rank 2/5,,Increases your attack speed by 10% for your next 3 swings after dealing a melee critical strike.,Talent Passive,Data only,,,,,Data only,TALENT,https://www.wowhead.com/tbc/spell=12971,Talent: Flurry; tree row 6
Fury,Talent,Flurry,12972,12319,Rank 3/5,,Increases your attack speed by 15% for your next 3 swings after dealing a melee critical strike.,Talent Passive,Data only,,,,,Data only,TALENT,https://www.wowhead.com/tbc/spell=12972,Talent: Flurry; tree row 6
Fury,Talent,Flurry,12973,12319,Rank 4/5,,Increases your attack speed by 20% for your next 3 swings after dealing a melee critical strike.,Talent Passive,Data only,,,,,Data only,TALENT,https://www.wowhead.com/tbc/spell=12973,Talent: Flurry; tree row 6
Fury,Talent,Flurry,12974,12319,Rank 5/5,,Increases your attack speed by 25% for your next 3 swings after dealing a melee critical strike.,Talent Passive,Data only,,,,,Data only,TALENT,https://www.wowhead.com/tbc/spell=12974,Talent: Flurry; tree row 6
Fury,Talent,Improved Berserker Rage,20500,20500,Rank 1/2,,The Berserker Rage ability will generate 5 rage when used.,Talent Passive,Data only,,,,,Data only,TALENT,https://www.wowhead.com/tbc/spell=20500,Talent: Improved Berserker Rage; tree row 6
Fury,Talent,Improved Berserker Rage,20501,20500,Rank 2/2,,The Berserker Rage ability will generate 10 rage when used.,Talent Passive,Data only,,,,,Data only,TALENT,https://www.wowhead.com/tbc/spell=20501,Talent: Improved Berserker Rage; tree row 6
Fury,Talent,Improved Berserker Stance,29759,29759,Rank 1/5,,Increases attack power by 2% and reduces threat caused by 2% while in Berserker Stance.,Talent Passive,Data only,,,,,Data only,TALENT,https://www.wowhead.com/tbc/spell=29759,Talent: Improved Berserker Stance; tree row 8
Fury,Talent,Improved Berserker Stance,29760,29759,Rank 2/5,,Increases attack power by 4% and reduces threat caused by 4% while in Berserker Stance.,Talent Passive,Data only,,,,,Data only,TALENT,https://www.wowhead.com/tbc/spell=29760,Talent: Improved Berserker Stance; tree row 8
Fury,Talent,Improved Berserker Stance,29761,29759,Rank 3/5,,Increases attack power by 6% and reduces threat caused by 6% while in Berserker Stance.,Talent Passive,Data only,,,,,Data only,TALENT,https://www.wowhead.com/tbc/spell=29761,Talent: Improved Berserker Stance; tree row 8
Fury,Talent,Improved Berserker Stance,29762,29759,Rank 4/5,,Increases attack power by 8% and reduces threat caused by 8% while in Berserker Stance.,Talent Passive,Data only,,,,,Data only,TALENT,https://www.wowhead.com/tbc/spell=29762,Talent: Improved Berserker Stance; tree row 8
Fury,Talent,Improved Berserker Stance,29763,29759,Rank 5/5,,Increases attack power by 10% and reduces threat caused by 10% while in Berserker Stance.,Talent Passive,Data only,,,,,Data only,TALENT,https://www.wowhead.com/tbc/spell=29763,Talent: Improved Berserker Stance; tree row 8
Fury,Talent,Improved Cleave,12329,12329,Rank 1/3,,Increases the bonus damage done by your Cleave ability by 40%.,Talent Passive,Data only,,,,,Data only,TALENT,https://www.wowhead.com/tbc/spell=12329,Talent: Improved Cleave; tree row 3
Fury,Talent,Improved Cleave,12950,12329,Rank 2/3,,Increases the bonus damage done by your Cleave ability by 80%.,Talent Passive,Data only,,,,,Data only,TALENT,https://www.wowhead.com/tbc/spell=12950,Talent: Improved Cleave; tree row 3
Fury,Talent,Improved Cleave,20496,12329,Rank 3/3,,Increases the bonus damage done by your Cleave ability by 120%.,Talent Passive,Data only,,,,,Data only,TALENT,https://www.wowhead.com/tbc/spell=20496,Talent: Improved Cleave; tree row 3
Fury,Talent,Improved Demoralizing Shout,12324,12324,Rank 1/5,,Increases the melee attack power reduction of your Demoralizing Shout by 8%.,Talent Passive,Data only,,,,,Data only,TALENT,https://www.wowhead.com/tbc/spell=12324,Talent: Improved Demoralizing Shout; tree row 2
Fury,Talent,Improved Demoralizing Shout,12876,12324,Rank 2/5,,Increases the melee attack power reduction of your Demoralizing Shout by 16%.,Talent Passive,Data only,,,,,Data only,TALENT,https://www.wowhead.com/tbc/spell=12876,Talent: Improved Demoralizing Shout; tree row 2
Fury,Talent,Improved Demoralizing Shout,12877,12324,Rank 3/5,,Increases the melee attack power reduction of your Demoralizing Shout by 24%.,Talent Passive,Data only,,,,,Data only,TALENT,https://www.wowhead.com/tbc/spell=12877,Talent: Improved Demoralizing Shout; tree row 2
Fury,Talent,Improved Demoralizing Shout,12878,12324,Rank 4/5,,Increases the melee attack power reduction of your Demoralizing Shout by 32%.,Talent Passive,Data only,,,,,Data only,TALENT,https://www.wowhead.com/tbc/spell=12878,Talent: Improved Demoralizing Shout; tree row 2
Fury,Talent,Improved Demoralizing Shout,12879,12324,Rank 5/5,,Increases the melee attack power reduction of your Demoralizing Shout by 40%.,Talent Passive,Data only,,,,,Data only,TALENT,https://www.wowhead.com/tbc/spell=12879,Talent: Improved Demoralizing Shout; tree row 2
Fury,Talent,Improved Execute,20502,20502,Rank 1/2,,Reduces the rage cost of your Execute ability by 2.,Talent Passive,Data only,,,,,Data only,TALENT,https://www.wowhead.com/tbc/spell=20502,Talent: Improved Execute; tree row 4
Fury,Talent,Improved Execute,20503,20502,Rank 2/2,,Reduces the rage cost of your Execute ability by 5.,Talent Passive,Data only,,,,,Data only,TALENT,https://www.wowhead.com/tbc/spell=20503,Talent: Improved Execute; tree row 4
Fury,Talent,Improved Slam,12330,12862,Rank 2/2,,Decreases the casting time of your Slam ability by 1 sec.,Talent Passive,Data only,,,,,Data only,TALENT,https://www.wowhead.com/tbc/spell=12330,Talent: Improved Slam; tree row 5
Fury,Talent,Improved Slam,12862,12862,Rank 1/2,,Decreases the casting time of your Slam ability by 0.5 sec.,Talent Passive,Data only,,,,,Data only,TALENT,https://www.wowhead.com/tbc/spell=12862,Talent: Improved Slam; tree row 5
Fury,Talent,Improved Whirlwind,29721,29721,Rank 1/2,,Reduces the cooldown of your Whirlwind ability by 1 sec.,Talent Passive,Data only,,,,,Data only,TALENT,https://www.wowhead.com/tbc/spell=29721,Talent: Improved Whirlwind; tree row 7
Fury,Talent,Improved Whirlwind,29776,29721,Rank 2/2,,Reduces the cooldown of your Whirlwind ability by 2 sec.,Talent Passive,Data only,,,,,Data only,TALENT,https://www.wowhead.com/tbc/spell=29776,Talent: Improved Whirlwind; tree row 7
Fury,Talent Ability,Piercing Howl,12323,12323,Rank 1/1,,"Causes all enemies within 10 yards to be Dazed, reducing movement speed by 50% for 6 sec.",Crowd Control,Utility,0,6,10 Rage,,Cooldown,"CC_SOFT, FILLER",https://www.wowhead.com/tbc/spell=12323,Talent-required | Talent: Piercing Howl
Fury,Talent,Precision,29590,29590,Rank 1/3,,Increases your chance to hit with melee weapons by 1%.,Talent Passive,Data only,,,,,Data only,TALENT,https://www.wowhead.com/tbc/spell=29590,Talent: Precision; tree row 7
Fury,Talent,Precision,29591,29590,Rank 2/3,,Increases your chance to hit with melee weapons by 2%.,Talent Passive,Data only,,,,,Data only,TALENT,https://www.wowhead.com/tbc/spell=29591,Talent: Precision; tree row 7
Fury,Talent,Precision,29592,29590,Rank 3/3,,Increases your chance to hit with melee weapons by 3%.,Talent Passive,Data only,,,,,Data only,TALENT,https://www.wowhead.com/tbc/spell=29592,Talent: Precision; tree row 7
Fury,Talent Ability,Rampage,29801,29801,Rank 1/1,,"Warrior goes on a rampage, increasing attack power by 30 and causing most successful melee attacks to increase attack power by an additional 30. This effect will stack up to 5 times. Lasts 30 sec. This ability can only be used after scoring a critical hit.",Offensive,Main,0,30,20 Rage,"30029, 30031, 30032",Cooldown + aura,"BUFF, DPS, HAS_BUFF, PVE, REACTIVE, ROTATIONAL",https://www.wowhead.com/tbc/spell=29801,Talent-required | Talent: Rampage
Fury,Talent Ability,Rampage,30030,29801,Rank 2,60,"Warrior goes on a rampage, increasing attack power by 40 and causing most successful melee attacks to increase attack power by an additional 40. This effect will stack up to 5 times. Lasts 30 sec. This ability can only be used after scoring a critical hit.",Offensive,Main,0,30,20 Rage,"30029, 30031, 30032",Cooldown + aura,"BUFF, DPS, HAS_BUFF, PVE, REACTIVE, ROTATIONAL",https://www.wowhead.com/tbc/spell=30030,Talent-required
Fury,Talent Ability,Rampage,30033,29801,Rank 3,70,"Warrior goes on a rampage, increasing attack power by 50 and causing most successful melee attacks to increase attack power by an additional 50. This effect will stack up to 5 times. Lasts 30 sec. This ability can only be used after scoring a critical hit.",Offensive,Main,0,30,20 Rage,"30029, 30031, 30032",Cooldown + aura,"BUFF, DPS, HAS_BUFF, PVE, REACTIVE, ROTATIONAL",https://www.wowhead.com/tbc/spell=30033,Talent-required
Fury,Talent Ability,Sweeping Strikes,12328,12328,Rank 1/1,,Your next 10 melee attacks strike an additional nearby opponent.,Offensive,Main,30,10,30 Rage,,Cooldown + aura,"DPS, HAS_BUFF, MINOR",https://www.wowhead.com/tbc/spell=12328,Talent-required | Talent: Sweeping Strikes
Fury,Talent,Unbridled Wrath,12322,12322,Rank 1/5,,Gives you a chance to generate an additional rage point when you deal melee damage with a weapon.,Talent Passive,Data only,,,,,Data only,TALENT,https://www.wowhead.com/tbc/spell=12322,Talent: Unbridled Wrath; tree row 2
Fury,Talent,Unbridled Wrath,12999,12322,Rank 1,,Gives you a chance to generate an additional rage point when you deal melee damage with a weapon. Effect occurs more often than Unbridled Wrath (Rank 1).,Talent Passive,Data only,,,,,Data only,TALENT,https://www.wowhead.com/tbc/spell=12999,Talent: Unbridled Wrath; tree row 2
Fury,Talent,Unbridled Wrath,13000,12322,Rank 2,,Gives you a chance to generate an additional rage point when you deal melee damage with a weapon. Effect occurs more often than Unbridled Wrath (Rank 2).,Talent Passive,Data only,,,,,Data only,TALENT,https://www.wowhead.com/tbc/spell=13000,Talent: Unbridled Wrath; tree row 2
Fury,Talent,Unbridled Wrath,13001,12322,Rank 3,,Gives you a chance to generate an additional rage point when you deal melee damage with a weapon. Effect occurs more often than Unbridled Wrath (Rank 3).,Talent Passive,Data only,,,,,Data only,TALENT,https://www.wowhead.com/tbc/spell=13001,Talent: Unbridled Wrath; tree row 2
Fury,Talent,Unbridled Wrath,13002,12322,Rank 4,,Gives you a chance to generate an additional rage point when you deal melee damage with a weapon. Effect occurs more often than Unbridled Wrath (Rank 4).,Talent Passive,Data only,,,,,Data only,TALENT,https://www.wowhead.com/tbc/spell=13002,Talent: Unbridled Wrath; tree row 2
Fury,Talent,Weapon Mastery,20504,20504,Rank 1/2,,Reduces the chance for your attacks to be dodged by 1% and reduces the duration of all Disarm effects used against you by 25%. This does not stack with other Disarm duration reducing effects.,Talent Passive,Data only,,,,,Data only,TALENT,https://www.wowhead.com/tbc/spell=20504,Talent: Weapon Mastery; tree row 5
Fury,Talent,Weapon Mastery,20505,20504,Rank 2/2,,Reduces the chance for your attacks to be dodged by 2% and reduces the duration of all Disarm effects used against you by 50%. This does not stack with other Disarm duration reducing effects.,Talent Passive,Data only,,,,,Data only,TALENT,https://www.wowhead.com/tbc/spell=20505,Talent: Weapon Mastery; tree row 5
"Fury, Arms",Ability,Whirlwind,1680,1680,,36,"In a whirlwind of steel you attack up to 4 enemies within 8 yards, causing weapon damage from both melee weapons to each enemy.",Offensive,Main,10,,25 Rage,,Cooldown,"AOE, DPS, PVE_PVP, ROTATIONAL",https://www.wowhead.com/tbc/spell=1680,
"Fury, Arms",Talent Ability,Sweeping Strikes,12723,12328,Rank 2,1,Your next 0 melee weapon swings strike an additional nearby opponent.,Offensive,Main,30,10,,,Cooldown + aura,"DPS, HAS_BUFF, MINOR",https://www.wowhead.com/tbc/spell=12723,Talent-required
"Fury, Arms",Talent Ability,Sweeping Strikes,26654,12328,Rank 3,1,Your next 0 melee weapon swings strike an additional nearby opponent.,Offensive,Main,30,10,,,Cooldown + aura,"DPS, HAS_BUFF, MINOR",https://www.wowhead.com/tbc/spell=26654,Talent-required
Protection,Ability,Challenging Shout,1161,1161,,26,Forces all enemies within 10 yards to focus attacks on you for 6 sec.,Utility,Utility,600,6,5 Rage,,Cooldown,TAUNT,https://www.wowhead.com/tbc/spell=1161,
Protection,Ability,Demoralizing Shout,1160,1160,Rank 1,14,"Reduces the melee attack power of all enemies within 10 yards by 
45 for 30 sec.",Offensive,Main,0,30,10 Rage,,Cooldown + aura,"DEBUFF, MAINTENANCE, PVE, TANK",https://www.wowhead.com/tbc/spell=1160,
Protection,Ability,Demoralizing Shout,6190,1160,Rank 2,24,"Reduces the melee attack power of all enemies within 10 yards by 
65 for 30 sec.",Offensive,Main,0,30,10 Rage,,Cooldown + aura,"DEBUFF, MAINTENANCE, PVE, TANK",https://www.wowhead.com/tbc/spell=6190,
Protection,Ability,Demoralizing Shout,11554,1160,Rank 3,34,"Reduces the melee attack power of all enemies within 10 yards by 
80 for 30 sec.",Offensive,Main,0,30,10 Rage,,Cooldown + aura,"DEBUFF, MAINTENANCE, PVE, TANK",https://www.wowhead.com/tbc/spell=11554,
Protection,Ability,Demoralizing Shout,11555,1160,Rank 4,44,"Reduces the melee attack power of all enemies within 10 yards by 
115 for 30 sec.",Offensive,Main,0,30,10 Rage,,Cooldown + aura,"DEBUFF, MAINTENANCE, PVE, TANK",https://www.wowhead.com/tbc/spell=11555,
Protection,Ability,Demoralizing Shout,11556,1160,Rank 5,54,"Reduces the melee attack power of all enemies within 10 yards by 
150 for 30 sec.",Offensive,Main,0,30,10 Rage,,Cooldown + aura,"DEBUFF, MAINTENANCE, PVE, TANK",https://www.wowhead.com/tbc/spell=11556,
Protection,Ability,Demoralizing Shout,25202,1160,Rank 6,62,"Reduces the melee attack power of all enemies within 10 yards by 
228 for 30 sec.",Offensive,Main,0,30,10 Rage,,Cooldown + aura,"DEBUFF, MAINTENANCE, PVE, TANK",https://www.wowhead.com/tbc/spell=25202,
Protection,Ability,Demoralizing Shout,25203,1160,Rank 7,70,"Reduces the melee attack power of all enemies within 10 yards by 
300 for 30 sec.",Offensive,Main,0,30,10 Rage,,Cooldown + aura,"DEBUFF, MAINTENANCE, PVE, TANK",https://www.wowhead.com/tbc/spell=25203,
Protection,Ability,Demoralizing Shout,27579,1160,Rank 8,54,"Reduces the attack power of all enemies within 10 yards by 
150 for 30 sec.",Offensive,Main,0,30,,,Cooldown + aura,"DEBUFF, MAINTENANCE, PVE, TANK",https://www.wowhead.com/tbc/spell=27579,
Protection,Ability,Mocking Blow,694,694,Rank 1,16,"A mocking attack that causes 22 damage, a moderate amount of threat and forces the target to focus attacks on you for 6 sec.",Utility,Utility,120,6,10 Rage,,Cooldown,TAUNT,https://www.wowhead.com/tbc/spell=694,
Protection,Ability,Mocking Blow,7400,694,Rank 2,26,"A mocking attack that causes 31 damage, a moderate amount of threat and forces the target to focus attacks on you for 6 sec.",Utility,Utility,120,6,10 Rage,,Cooldown,TAUNT,https://www.wowhead.com/tbc/spell=7400,
Protection,Ability,Mocking Blow,7402,694,Rank 3,36,"A mocking attack that causes 46 damage, a moderate amount of threat and forces the target to focus attacks on you for 6 sec.",Utility,Utility,120,6,10 Rage,,Cooldown,TAUNT,https://www.wowhead.com/tbc/spell=7402,
Protection,Ability,Mocking Blow,20559,694,Rank 4,46,"A mocking attack that causes 71 damage, a moderate amount of threat and forces the target to focus attacks on you for 6 sec.",Utility,Utility,120,6,10 Rage,,Cooldown,TAUNT,https://www.wowhead.com/tbc/spell=20559,
Protection,Ability,Mocking Blow,20560,694,Rank 5,56,"A mocking attack that causes 93 damage, a moderate amount of threat and forces the target to focus attacks on you for 6 sec.",Utility,Utility,120,6,10 Rage,,Cooldown,TAUNT,https://www.wowhead.com/tbc/spell=20560,
Protection,Ability,Mocking Blow,25266,694,Rank 6,65,"A mocking attack that causes 114 damage, a moderate amount of threat and forces the target to focus attacks on you for 6 sec.",Utility,Utility,120,6,10 Rage,,Cooldown,TAUNT,https://www.wowhead.com/tbc/spell=25266,
Protection,Ability,Revenge,6572,6572,Rank 1,14,"Instantly counterattack an enemy for 50 to 60 damage and a high amount of threat. Revenge must follow a block, dodge or parry.",Offensive,Main,5,,5 Rage,,Cooldown,"PVE, REACTIVE, ROTATIONAL, TANK",https://www.wowhead.com/tbc/spell=6572,
Protection,Ability,Revenge,6574,6572,Rank 2,24,"Instantly counterattack an enemy for 77 to 93 damage and a high amount of threat. Revenge must follow a block, dodge or parry.",Offensive,Main,5,,5 Rage,,Cooldown,"PVE, REACTIVE, ROTATIONAL, TANK",https://www.wowhead.com/tbc/spell=6574,
Protection,Ability,Revenge,7379,6572,Rank 3,34,"Instantly counterattack an enemy for 107 to 129 damage and a high amount of threat. Revenge must follow a block, dodge or parry.",Offensive,Main,5,,5 Rage,,Cooldown,"PVE, REACTIVE, ROTATIONAL, TANK",https://www.wowhead.com/tbc/spell=7379,
Protection,Ability,Revenge,11600,6572,Rank 4,44,"Instantly counterattack an enemy for 180 to 220 damage and a high amount of threat. Revenge must follow a block, dodge or parry.",Offensive,Main,5,,5 Rage,,Cooldown,"PVE, REACTIVE, ROTATIONAL, TANK",https://www.wowhead.com/tbc/spell=11600,
Protection,Ability,Revenge,11601,6572,Rank 5,54,"Instantly counterattack an enemy for 270 to 330 damage and a high amount of threat. Revenge must follow a block, dodge or parry.",Offensive,Main,5,,5 Rage,,Cooldown,"PVE, REACTIVE, ROTATIONAL, TANK",https://www.wowhead.com/tbc/spell=11601,
Protection,Ability,Revenge,25269,6572,Rank 6,63,"Instantly counterattack an enemy for 360 to 440 damage and a high amount of threat. Revenge must follow a block, dodge or parry.",Offensive,Main,5,,5 Rage,,Cooldown,"PVE, REACTIVE, ROTATIONAL, TANK",https://www.wowhead.com/tbc/spell=25269,
Protection,Ability,Revenge,25288,6572,Rank 7,60,"Instantly counterattack an enemy for 342 to 418 damage and a high amount of threat. Revenge must follow a block, dodge or parry.",Offensive,Main,5,,5 Rage,,Cooldown,"PVE, REACTIVE, ROTATIONAL, TANK",https://www.wowhead.com/tbc/spell=25288,
Protection,Ability,Revenge,30357,6572,Rank 8,70,"Instantly counterattack an enemy for 414 to 506 damage and a high amount of threat. Revenge must follow a block, dodge or parry.",Offensive,Main,5,,5 Rage,,Cooldown,"PVE, REACTIVE, ROTATIONAL, TANK",https://www.wowhead.com/tbc/spell=30357,
Protection,Ability,Shield Bash,72,72,Rank 1,12,Bashes the target with your shield for 6 damage. It also interrupts spellcasting and prevents any spell in that school from being cast for 6 sec.,Interrupt,Utility,12,6,10 Rage,,Cooldown,INTERRUPT,https://www.wowhead.com/tbc/spell=72,
Protection,Ability,Shield Bash,1671,72,Rank 2,32,Bashes the target with your shield for 18 damage. It also interrupts spellcasting and prevents any spell in that school from being cast for 6 sec.,Interrupt,Utility,12,6,10 Rage,,Cooldown,INTERRUPT,https://www.wowhead.com/tbc/spell=1671,
Protection,Ability,Shield Bash,1672,72,Rank 3,52,Bashes the target with your shield for 45 damage. It also interrupts spellcasting and prevents any spell in that school from being cast for 6 sec.,Interrupt,Utility,12,6,10 Rage,,Cooldown,INTERRUPT,https://www.wowhead.com/tbc/spell=1672,
Protection,Ability,Shield Bash,29704,72,Rank 4,64,"Bashes the target with your shield for 63 damage. It also dazes the target and interrupts spellcasting, preventing any spell in that school from being cast for 6 sec.",Interrupt,Utility,12,6,10 Rage,,Cooldown,INTERRUPT,https://www.wowhead.com/tbc/spell=29704,
Protection,Ability,Shield Block,2565,2565,,16,"Increases chance to block by 75% for 5 sec, but will only block 1 attack.",Defensive,Utility,5,5,10 Rage,,Cooldown + aura,"DEFENSIVE, HAS_BUFF, PVE, ROTATIONAL, TANK",https://www.wowhead.com/tbc/spell=2565,
Protection,Ability,Shield Wall,871,871,,28,"Reduces the damage taken from melee attacks, ranged attacks and spells by 75% for 10 sec.",Defensive,Utility,1800,10,,,Cooldown + aura,"DAMAGE_REDUCTION, DEFENSIVE, HAS_BUFF, MAJOR",https://www.wowhead.com/tbc/spell=871,
Protection,Ability,Sunder Armor,7386,7386,Rank 1,10,"Sunders the target's armor, reducing it by 90 per Sunder Armor and causes a high amount of threat. Can be applied up to 5 times. Lasts 30 sec.",Utility,Utility,0,30,15 Rage,,Cooldown,"DEBUFF, UTILITY",https://www.wowhead.com/tbc/spell=7386,
Protection,Ability,Sunder Armor,7405,7386,Rank 2,22,"Sunders the target's armor, reducing it by 180 per Sunder Armor and causes a high amount of threat. Can be applied up to 5 times. Lasts 30 sec.",Utility,Utility,0,30,15 Rage,,Cooldown,"DEBUFF, UTILITY",https://www.wowhead.com/tbc/spell=7405,
Protection,Ability,Sunder Armor,8380,7386,Rank 3,34,"Sunders the target's armor, reducing it by 270 per Sunder Armor and causes a high amount of threat. Can be applied up to 5 times. Lasts 30 sec.",Utility,Utility,0,30,15 Rage,,Cooldown,"DEBUFF, UTILITY",https://www.wowhead.com/tbc/spell=8380,
Protection,Ability,Sunder Armor,11596,7386,Rank 4,46,"Sunders the target's armor, reducing it by 360 per Sunder Armor and causes a high amount of threat. Can be applied up to 5 times. Lasts 30 sec.",Utility,Utility,0,30,15 Rage,,Cooldown,"DEBUFF, UTILITY",https://www.wowhead.com/tbc/spell=11596,
Protection,Ability,Sunder Armor,11597,7386,Rank 5,58,"Sunders the target's armor, reducing it by 450 per Sunder Armor and causes a high amount of threat. Can be applied up to 5 times. Lasts 30 sec.",Utility,Utility,0,30,15 Rage,,Cooldown,"DEBUFF, UTILITY",https://www.wowhead.com/tbc/spell=11597,
Protection,Ability,Sunder Armor,25225,7386,Rank 6,67,"Sunders the target's armor, reducing it by 520 per Sunder Armor and causes a high amount of threat. Can be applied up to 5 times. Lasts 30 sec.",Utility,Utility,0,30,15 Rage,,Cooldown,"DEBUFF, UTILITY",https://www.wowhead.com/tbc/spell=25225,
Protection,Ability,Taunt,355,355,,10,"Taunts the target to attack you, but has no effect if the target is already attacking you.",Utility,Utility,10,3,,,Cooldown,TAUNT,https://www.wowhead.com/tbc/spell=355,
Protection,Ability,Thunder Clap,6343,6343,Rank 1,6,Blasts nearby enemies increasing the time between their attacks by 10% for 10 sec and doing 10 damage to them. This ability causes additonal threat and will affect up to 4 targets.,Crowd Control,Utility,4,30,20 Rage,,Cooldown + aura,"CC_SOFT, DEBUFF, MAINTENANCE, PVE, TANK",https://www.wowhead.com/tbc/spell=6343,
Protection,Ability,Thunder Clap,8198,6343,Rank 2,18,Blasts nearby enemies increasing the time between their attacks by 10% for 14 sec and doing 23 damage to them. This ability causes additonal threat and will affect up to 4 targets.,Crowd Control,Utility,4,30,20 Rage,,Cooldown + aura,"CC_SOFT, DEBUFF, MAINTENANCE, PVE, TANK",https://www.wowhead.com/tbc/spell=8198,
Protection,Ability,Thunder Clap,8204,6343,Rank 3,28,Blasts nearby enemies increasing the time between their attacks by 10% for 18 sec and doing 37 damage to them. This ability causes additonal threat and will affect up to 4 targets.,Crowd Control,Utility,4,30,20 Rage,,Cooldown + aura,"CC_SOFT, DEBUFF, MAINTENANCE, PVE, TANK",https://www.wowhead.com/tbc/spell=8204,
Protection,Ability,Thunder Clap,8205,6343,Rank 4,38,Blasts nearby enemies increasing the time between their attacks by 10% for 22 sec and doing 55 damage to them. This ability causes additonal threat and will affect up to 4 targets.,Crowd Control,Utility,4,30,20 Rage,,Cooldown + aura,"CC_SOFT, DEBUFF, MAINTENANCE, PVE, TANK",https://www.wowhead.com/tbc/spell=8205,
Protection,Ability,Thunder Clap,11580,6343,Rank 5,48,Blasts nearby enemies increasing the time between their attacks by 10% for 26 sec and doing 82 damage to them. This ability causes additonal threat and will affect up to 4 targets.,Crowd Control,Utility,4,30,20 Rage,,Cooldown + aura,"CC_SOFT, DEBUFF, MAINTENANCE, PVE, TANK",https://www.wowhead.com/tbc/spell=11580,
Protection,Ability,Thunder Clap,11581,6343,Rank 6,58,Blasts nearby enemies increasing the time between their attacks by 10% for 30 sec and doing 103 damage to them. This ability causes additonal threat and will affect up to 4 targets.,Crowd Control,Utility,4,30,20 Rage,,Cooldown + aura,"CC_SOFT, DEBUFF, MAINTENANCE, PVE, TANK",https://www.wowhead.com/tbc/spell=11581,
Protection,Ability,Thunder Clap,13532,6343,Rank 7,48,Blasts nearby enemies with thunder increasing the time between their attacks by 11% for 10 sec and doing 7 Nature damage to them. Will affect up to 4 targets.,Crowd Control,Utility,4,30,,,Cooldown + aura,"CC_SOFT, DEBUFF, MAINTENANCE, PVE, TANK",https://www.wowhead.com/tbc/spell=13532,
Protection,Ability,Thunder Clap,25264,6343,Rank 8,67,Blasts nearby enemies increasing the time between their attacks by 10% for 30 sec and doing 123 damage to them. This ability causes additonal threat and will affect up to 4 targets.,Crowd Control,Utility,4,30,20 Rage,,Cooldown + aura,"CC_SOFT, DEBUFF, MAINTENANCE, PVE, TANK",https://www.wowhead.com/tbc/spell=25264,
Protection,Talent,Anticipation,12297,12297,Rank 1/5,,Increases your Defense skill by 4.,Talent Passive,Data only,,,,,Data only,TALENT,https://www.wowhead.com/tbc/spell=12297,Talent: Anticipation; tree row 1
Protection,Talent,Anticipation,12750,12297,Rank 2/5,,Increases your Defense skill by 8.,Talent Passive,Data only,,,,,Data only,TALENT,https://www.wowhead.com/tbc/spell=12750,Talent: Anticipation; tree row 1
Protection,Talent,Anticipation,12751,12297,Rank 3/5,,Increases your Defense skill by 12.,Talent Passive,Data only,,,,,Data only,TALENT,https://www.wowhead.com/tbc/spell=12751,Talent: Anticipation; tree row 1
Protection,Talent,Anticipation,12752,12297,Rank 4/5,,Increases your Defense skill by 16.,Talent Passive,Data only,,,,,Data only,TALENT,https://www.wowhead.com/tbc/spell=12752,Talent: Anticipation; tree row 1
Protection,Talent,Anticipation,12753,12297,Rank 5/5,,Increases your Defense skill by 20.,Talent Passive,Data only,,,,,Data only,TALENT,https://www.wowhead.com/tbc/spell=12753,Talent: Anticipation; tree row 1
Protection,Talent Ability,Concussion Blow,12809,12809,Rank 1/1,,Stuns the opponent for 5 sec.,Crowd Control,Utility,45,5,15 Rage,,Cooldown,CC_HARD,https://www.wowhead.com/tbc/spell=12809,Talent-required | Talent: Concussion Blow
Protection,Talent,Defiance,12303,12303,Rank 1/3,,Increases the threat generated by your attacks by 5% while in Defensive Stance and increases your expertise by 2.,Talent Passive,Data only,,,,,Data only,TALENT,https://www.wowhead.com/tbc/spell=12303,Talent: Defiance; tree row 3
Protection,Talent,Defiance,12788,12303,Rank 2/3,,Increases the threat generated by your attacks by 10% while in Defensive Stance and increases your expertise by 4.,Talent Passive,Data only,,,,,Data only,TALENT,https://www.wowhead.com/tbc/spell=12788,Talent: Defiance; tree row 3
Protection,Talent,Defiance,12789,12303,Rank 3/3,,Increases the threat generated by your attacks by 15% while in Defensive Stance and increases your expertise by 6.,Talent Passive,Data only,,,,,Data only,TALENT,https://www.wowhead.com/tbc/spell=12789,Talent: Defiance; tree row 3
Protection,Talent Ability,Devastate,20243,20243,Rank 1/1,,"Sunder the target's armor causing the Sunder Armor effect. In addition, causes 50% of weapon damage plus 15 for each application of Sunder Armor on the target. The Sunder Armor effect can stack up to 5 times.",Offensive,Main,0,,15 Rage,,Cooldown,"DEBUFF, PVE, ROTATIONAL, TANK",https://www.wowhead.com/tbc/spell=20243,Talent-required | Talent: Devastate
Protection,Talent Ability,Devastate,30016,20243,Rank 2,60,"Sunder the target's armor causing the Sunder Armor effect. In addition, causes 50% of weapon damage plus 25 for each application of Sunder Armor on the target. The Sunder Armor effect can stack up to 5 times.",Offensive,Main,0,,15 Rage,,Cooldown,"DEBUFF, PVE, ROTATIONAL, TANK",https://www.wowhead.com/tbc/spell=30016,Talent-required
Protection,Talent Ability,Devastate,30022,20243,Rank 3,70,"Sunder the target's armor causing the Sunder Armor effect. In addition, causes 50% of weapon damage plus 35 for each application of Sunder Armor on the target. The Sunder Armor effect can stack up to 5 times.",Offensive,Main,0,,15 Rage,,Cooldown,"DEBUFF, PVE, ROTATIONAL, TANK",https://www.wowhead.com/tbc/spell=30022,Talent-required
Protection,Talent,Focused Rage,29787,29787,Rank 1/3,,Reduces the rage cost of your offensive abilities by 1.,Talent Passive,Data only,,,,,Data only,TALENT,https://www.wowhead.com/tbc/spell=29787,Talent: Focused Rage; tree row 7
Protection,Talent,Focused Rage,29790,29787,Rank 2/3,,Reduces the rage cost of your offensive abilities by 2.,Talent Passive,Data only,,,,,Data only,TALENT,https://www.wowhead.com/tbc/spell=29790,Talent: Focused Rage; tree row 7
Protection,Talent,Focused Rage,29792,29787,Rank 3/3,,Reduces the rage cost of your offensive abilities by 3.,Talent Passive,Data only,,,,,Data only,TALENT,https://www.wowhead.com/tbc/spell=29792,Talent: Focused Rage; tree row 7
Protection,Talent,Improved Bloodrage,12301,12301,Rank 1/2,,Increases the instant rage generated by your Bloodrage ability by 3.,Talent Passive,Data only,,,,,Data only,TALENT,https://www.wowhead.com/tbc/spell=12301,Talent: Improved Bloodrage; tree row 1
Protection,Talent,Improved Bloodrage,12818,12301,Rank 2/2,,Increases the instant rage generated by your Bloodrage ability by 6.,Talent Passive,Data only,,,,,Data only,TALENT,https://www.wowhead.com/tbc/spell=12818,Talent: Improved Bloodrage; tree row 1
Protection,Talent,Improved Defensive Stance,29593,29593,Rank 1/3,,Reduces all spell damage taken while in Defensive Stance by 2%.,Talent Passive,Data only,,,,,Data only,TALENT,https://www.wowhead.com/tbc/spell=29593,Talent: Improved Defensive Stance; tree row 7
Protection,Talent,Improved Defensive Stance,29594,29593,Rank 2/3,,Reduces all spell damage taken while in Defensive Stance by 4%.,Talent Passive,Data only,,,,,Data only,TALENT,https://www.wowhead.com/tbc/spell=29594,Talent: Improved Defensive Stance; tree row 7
Protection,Talent,Improved Defensive Stance,29595,29593,Rank 3/3,,Reduces all spell damage taken while in Defensive Stance by 6%.,Talent Passive,Data only,,,,,Data only,TALENT,https://www.wowhead.com/tbc/spell=29595,Talent: Improved Defensive Stance; tree row 7
Protection,Talent,Improved Disarm,12313,12313,Rank 1/3,,Increases the duration of your Disarm ability by 1 secs.,Talent Passive,Data only,,,,,Data only,TALENT,https://www.wowhead.com/tbc/spell=12313,Talent: Improved Disarm; tree row 4
Protection,Talent,Improved Disarm,12804,12313,Rank 2/3,,Increases the duration of your Disarm ability by 2 secs.,Talent Passive,Data only,,,,,Data only,TALENT,https://www.wowhead.com/tbc/spell=12804,Talent: Improved Disarm; tree row 4
Protection,Talent,Improved Disarm,12807,12313,Rank 3/3,,Increases the duration of your Disarm ability by 3 secs.,Talent Passive,Data only,,,,,Data only,TALENT,https://www.wowhead.com/tbc/spell=12807,Talent: Improved Disarm; tree row 4
Protection,Talent,Improved Revenge,12797,12797,Rank 1/3,,Gives your Revenge ability a 15% chance to stun the target for 3 sec.,Talent Passive,Data only,,3,,,Data only,TALENT,https://www.wowhead.com/tbc/spell=12797,Talent: Improved Revenge; tree row 3
Protection,Talent,Improved Revenge,12799,12797,Rank 2/3,,Gives your Revenge ability a 30% chance to stun the target for 3 sec.,Talent Passive,Data only,,3,,,Data only,TALENT,https://www.wowhead.com/tbc/spell=12799,Talent: Improved Revenge; tree row 3
Protection,Talent,Improved Revenge,12800,12797,Rank 3/3,,Gives your Revenge ability a 45% chance to stun the target for 3 sec.,Talent Passive,Data only,,3,,,Data only,TALENT,https://www.wowhead.com/tbc/spell=12800,Talent: Improved Revenge; tree row 3
Protection,Talent,Improved Shield Bash,12311,12311,Rank 1/2,,Gives your Shield Bash ability a 50% chance to silence the target for 3 sec.,Talent Passive,Data only,,3,,,Data only,TALENT,https://www.wowhead.com/tbc/spell=12311,Talent: Improved Shield Bash; tree row 5
Protection,Talent,Improved Shield Bash,12958,12311,Rank 2/2,,Gives your Shield Bash ability a 100% chance to silence the target for 3 sec.,Talent Passive,Data only,,3,,,Data only,TALENT,https://www.wowhead.com/tbc/spell=12958,Talent: Improved Shield Bash; tree row 5
Protection,Talent,Improved Shield Block,12945,12945,Rank 1/1,,Allows your Shield Block ability to block an additional attack and increases the duration by 1 second.,Talent Passive,Data only,,,,,Data only,TALENT,https://www.wowhead.com/tbc/spell=12945,Talent: Improved Shield Block; tree row 3
Protection,Talent,Improved Shield Wall,12312,12312,Rank 1/2,,Increases the effect duration of your Shield Wall ability by 3 secs.,Talent Passive,Data only,,,,,Data only,TALENT,https://www.wowhead.com/tbc/spell=12312,Talent: Improved Shield Wall; tree row 5
Protection,Talent,Improved Shield Wall,12803,12312,Rank 2/2,,Increases the effect duration of your Shield Wall ability by 5 secs.,Talent Passive,Data only,,,,,Data only,TALENT,https://www.wowhead.com/tbc/spell=12803,Talent: Improved Shield Wall; tree row 5
Protection,Talent,Improved Sunder Armor,12308,12308,Rank 1/3,,Reduces the cost of your Sunder Armor and Devastate abilities by 1 rage point.,Talent Passive,Data only,,,,,Data only,TALENT,https://www.wowhead.com/tbc/spell=12308,Talent: Improved Sunder Armor; tree row 4
Protection,Talent,Improved Sunder Armor,12810,12308,Rank 2/3,,Reduces the cost of your Sunder Armor and Devastate abilities by 2 rage point.,Talent Passive,Data only,,,,,Data only,TALENT,https://www.wowhead.com/tbc/spell=12810,Talent: Improved Sunder Armor; tree row 4
Protection,Talent,Improved Sunder Armor,12811,12308,Rank 3/3,,Reduces the cost of your Sunder Armor and Devastate abilities by 3 rage point.,Talent Passive,Data only,,,,,Data only,TALENT,https://www.wowhead.com/tbc/spell=12811,Talent: Improved Sunder Armor; tree row 4
Protection,Talent,Improved Taunt,12302,12302,Rank 1/2,,Reduces the cooldown of your Taunt ability by 1 sec.,Talent Passive,Data only,,,,,Data only,TALENT,https://www.wowhead.com/tbc/spell=12302,Talent: Improved Taunt; tree row 4
Protection,Talent,Improved Taunt,12765,12302,Rank 2/2,,Reduces the cooldown of your Taunt ability by 2 sec.,Talent Passive,Data only,,,,,Data only,TALENT,https://www.wowhead.com/tbc/spell=12765,Talent: Improved Taunt; tree row 4
Protection,Talent Ability,Last Stand,12975,12975,Rank 1/1,,"When activated, this ability temporarily grants you 30% of your maximum health for 20 sec. After the effect expires, the health is lost.",Defensive,Utility,480,20,,,Cooldown + aura,"DEFENSIVE, HAS_BUFF, MAJOR",https://www.wowhead.com/tbc/spell=12975,Talent-required | Talent: Last Stand
Protection,Talent Ability,Last Stand,12976,12975,Rank 2,1,"When activated, this ability temporarily grants you 30% of your maximum health for 20 sec. After the effect expires, the health is lost.",Defensive,Utility,480,20,,,Cooldown + aura,"DEFENSIVE, HAS_BUFF, MAJOR",https://www.wowhead.com/tbc/spell=12976,Talent-required
Protection,Talent,One-Handed Weapon Specialization,16538,16538,Rank 1/5,,Increases physical damage you deal when a one-handed melee weapon is equipped by 2%.,Talent Passive,Data only,,,,,Data only,TALENT,https://www.wowhead.com/tbc/spell=16538,Talent: One-Handed Weapon Specialization; tree row 6
Protection,Talent,One-Handed Weapon Specialization,16539,16538,Rank 2/5,,Increases physical damage you deal when a one-handed melee weapon is equipped by 4%.,Talent Passive,Data only,,,,,Data only,TALENT,https://www.wowhead.com/tbc/spell=16539,Talent: One-Handed Weapon Specialization; tree row 6
Protection,Talent,One-Handed Weapon Specialization,16540,16538,Rank 3/5,,Increases physical damage you deal when a one-handed melee weapon is equipped by 6%.,Talent Passive,Data only,,,,,Data only,TALENT,https://www.wowhead.com/tbc/spell=16540,Talent: One-Handed Weapon Specialization; tree row 6
Protection,Talent,One-Handed Weapon Specialization,16541,16538,Rank 4/5,,Increases physical damage you deal when a one-handed melee weapon is equipped by 8%.,Talent Passive,Data only,,,,,Data only,TALENT,https://www.wowhead.com/tbc/spell=16541,Talent: One-Handed Weapon Specialization; tree row 6
Protection,Talent,One-Handed Weapon Specialization,16542,16538,Rank 5/5,,Increases physical damage you deal when a one-handed melee weapon is equipped by 10%.,Talent Passive,Data only,,,,,Data only,TALENT,https://www.wowhead.com/tbc/spell=16542,Talent: One-Handed Weapon Specialization; tree row 6
Protection,Talent,Shield Mastery,29598,29598,Rank 1/3,,Increases the amount of damage absorbed by your shield by 10%.,Talent Passive,Data only,,,,,Data only,TALENT,https://www.wowhead.com/tbc/spell=29598,Talent: Shield Mastery; tree row 6
Protection,Talent,Shield Mastery,29599,29598,Rank 2/3,,Increases the amount of damage absorbed by your shield by 20%.,Talent Passive,Data only,,,,,Data only,TALENT,https://www.wowhead.com/tbc/spell=29599,Talent: Shield Mastery; tree row 6
Protection,Talent,Shield Mastery,29600,29598,Rank 3/3,,Increases the amount of damage absorbed by your shield by 30%.,Talent Passive,Data only,,,,,Data only,TALENT,https://www.wowhead.com/tbc/spell=29600,Talent: Shield Mastery; tree row 6
Protection,Talent Ability,Shield Slam,23922,23922,Rank 1/1,,"Slam the target with your shield, causing 225 to 235 damage, modified by your shield block value, and dispels 1 magic effect on the target. Also causes a high amount of threat.",Offensive,Main,6,,20 Rage,,Cooldown,"PVE, ROTATIONAL, TANK",https://www.wowhead.com/tbc/spell=23922,Talent-required | Talent: Shield Slam
Protection,Talent Ability,Shield Slam,23923,23922,Rank 2,48,"Slam the target with your shield, causing 264 to 276 damage, modified by your shield block value, and dispels 1 magic effect on the target. Also causes a high amount of threat.",Offensive,Main,6,,20 Rage,,Cooldown,"PVE, ROTATIONAL, TANK",https://www.wowhead.com/tbc/spell=23923,Talent-required
Protection,Talent Ability,Shield Slam,23924,23922,Rank 3,54,"Slam the target with your shield, causing 303 to 317 damage, modified by your shield block value, and dispels 1 magic effect on the target. Also causes a high amount of threat.",Offensive,Main,6,,20 Rage,,Cooldown,"PVE, ROTATIONAL, TANK",https://www.wowhead.com/tbc/spell=23924,Talent-required
Protection,Talent Ability,Shield Slam,23925,23922,Rank 4,60,"Slam the target with your shield, causing 342 to 358 damage, modified by your shield block value, and dispels 1 magic effect on the target. Also causes a high amount of threat.",Offensive,Main,6,,20 Rage,,Cooldown,"PVE, ROTATIONAL, TANK",https://www.wowhead.com/tbc/spell=23925,Talent-required
Protection,Talent Ability,Shield Slam,25258,23922,Rank 5,66,"Slam the target with your shield, causing 381 to 399 damage, modified by your shield block value, and dispels 1 magic effect on the target. Also causes a high amount of threat.",Offensive,Main,6,,20 Rage,,Cooldown,"PVE, ROTATIONAL, TANK",https://www.wowhead.com/tbc/spell=25258,Talent-required
Protection,Talent Ability,Shield Slam,30356,23922,Rank 6,70,"Slam the target with your shield, causing 420 to 440 damage, modified by your shield block value, and dispels 1 magic effect on the target. Also causes a high amount of threat.",Offensive,Main,6,,20 Rage,,Cooldown,"PVE, ROTATIONAL, TANK",https://www.wowhead.com/tbc/spell=30356,Talent-required
Protection,Talent,Shield Specialization,12298,12298,Rank 1/5,,Increases your chance to block attacks with a shield by 1% and has a 20% chance to generate 1 rage when a block occurs.,Talent Passive,Data only,,,,,Data only,TALENT,https://www.wowhead.com/tbc/spell=12298,Talent: Shield Specialization; tree row 2
Protection,Talent,Shield Specialization,12724,12298,Rank 2/5,,Increases your chance to block attacks with a shield by 2% and has a 40% chance to generate 1 rage when a block occurs.,Talent Passive,Data only,,,,,Data only,TALENT,https://www.wowhead.com/tbc/spell=12724,Talent: Shield Specialization; tree row 2
Protection,Talent,Shield Specialization,12725,12298,Rank 3/5,,Increases your chance to block attacks with a shield by 3% and has a 60% chance to generate 1 rage when a block occurs.,Talent Passive,Data only,,,,,Data only,TALENT,https://www.wowhead.com/tbc/spell=12725,Talent: Shield Specialization; tree row 2
Protection,Talent,Shield Specialization,12726,12298,Rank 4/5,,Increases your chance to block attacks with a shield by 4% and has a 80% chance to generate 1 rage when a block occurs.,Talent Passive,Data only,,,,,Data only,TALENT,https://www.wowhead.com/tbc/spell=12726,Talent: Shield Specialization; tree row 2
Protection,Talent,Shield Specialization,12727,12298,Rank 5/5,,Increases your chance to block attacks with a shield by 5% and has a 100% chance to generate 1 rage when a block occurs.,Talent Passive,Data only,,,,,Data only,TALENT,https://www.wowhead.com/tbc/spell=12727,Talent: Shield Specialization; tree row 2
Protection,Talent,Tactical Mastery,12295,12295,Rank 1/3,,You retain up to an additional 5 of your rage points when you change stances. Also greatly increases the threat generated by your Bloodthirst and Mortal Strike abilities when you are in Defensive Stance.,Talent Passive,Data only,,,,,Data only,TALENT,https://www.wowhead.com/tbc/spell=12295,Talent: Tactical Mastery; tree row 1
Protection,Talent,Tactical Mastery,12676,12295,Rank 1,,You retain up to an additional 10 of your rage points when you change stances. Also greatly increases the threat generated by your Bloodthirst and Mortal Strike abilities when you are in Defensive Stance (More effective than Rank 1).,Talent Passive,Data only,,,,,Data only,TALENT,https://www.wowhead.com/tbc/spell=12676,Talent: Tactical Mastery; tree row 1
Protection,Talent,Tactical Mastery,12677,12295,Rank 2,,You retain up to an additional 15 of your rage points when you change stances. Also greatly increases the threat generated by your Bloodthirst and Mortal Strike abilities when you are in Defensive Stance (More effective than Rank 2).,Talent Passive,Data only,,,,,Data only,TALENT,https://www.wowhead.com/tbc/spell=12677,Talent: Tactical Mastery; tree row 1
Protection,Talent,Toughness,12299,12299,Rank 1/5,,Increases your armor value from items by 2%.,Talent Passive,Data only,,,,,Data only,TALENT,https://www.wowhead.com/tbc/spell=12299,Talent: Toughness; tree row 2
Protection,Talent,Toughness,12761,12299,Rank 2/5,,Increases your armor value from items by 4%.,Talent Passive,Data only,,,,,Data only,TALENT,https://www.wowhead.com/tbc/spell=12761,Talent: Toughness; tree row 2
Protection,Talent,Toughness,12762,12299,Rank 3/5,,Increases your armor value from items by 6%.,Talent Passive,Data only,,,,,Data only,TALENT,https://www.wowhead.com/tbc/spell=12762,Talent: Toughness; tree row 2
Protection,Talent,Toughness,12763,12299,Rank 4/5,,Increases your armor value from items by 8%.,Talent Passive,Data only,,,,,Data only,TALENT,https://www.wowhead.com/tbc/spell=12763,Talent: Toughness; tree row 2
Protection,Talent,Toughness,12764,12299,Rank 5/5,,Increases your armor value from items by 10%.,Talent Passive,Data only,,,,,Data only,TALENT,https://www.wowhead.com/tbc/spell=12764,Talent: Toughness; tree row 2
Protection,Talent,Vitality,29140,29140,Rank 1/5,,Increases your total Stamina by 1% and your total Strength by 2%.,Talent Passive,Data only,,,,,Data only,TALENT,https://www.wowhead.com/tbc/spell=29140,Talent: Vitality; tree row 8
Protection,Talent,Vitality,29143,29140,Rank 2/5,,Increases your total Stamina by 2% and your total Strength by 4%.,Talent Passive,Data only,,,,,Data only,TALENT,https://www.wowhead.com/tbc/spell=29143,Talent: Vitality; tree row 8
Protection,Talent,Vitality,29144,29140,Rank 3/5,,Increases your total Stamina by 3% and your total Strength by 6%.,Talent Passive,Data only,,,,,Data only,TALENT,https://www.wowhead.com/tbc/spell=29144,Talent: Vitality; tree row 8
Protection,Talent,Vitality,29145,29140,Rank 4/5,,Increases your total Stamina by 4% and your total Strength by 8%.,Talent Passive,Data only,,,,,Data only,TALENT,https://www.wowhead.com/tbc/spell=29145,Talent: Vitality; tree row 8
Protection,Talent,Vitality,29146,29140,Rank 5/5,,Increases your total Stamina by 5% and your total Strength by 10%.,Talent Passive,Data only,,,,,Data only,TALENT,https://www.wowhead.com/tbc/spell=29146,Talent: Vitality; tree row 8
